,title,popularity,Type,Related Topics,regions_of_interest,Tweets,Reddit_Posts,Sentiment_Score,Text_Cues
0,#ArnabGowswami,98.99999999999999,hashtag,['Arnab Goswami'],"[array([100, 'Karnataka'], dtype=object), array([81, 'Haryana'], dtype=object), array([69, 'Tamil Nadu'], dtype=object), array([65, 'Delhi'], dtype=object), array([56, 'Bihar'], dtype=object), array([45, 'Telangana'], dtype=object), array([42, 'Uttar Pradesh'], dtype=object), array([31, 'Maharashtra'], dtype=object), array([28, 'Madhya Pradesh'], dtype=object), array([0, 'West Bengal'], dtype=object), array([0, 'Uttarakhand'], dtype=object), array([0, 'Tripura'], dtype=object), array([0, 'Sikkim'], dtype=object), array([0, 'Rajasthan'], dtype=object), array([0, 'Punjab'], dtype=object), array([0, 'Puducherry'], dtype=object), array([0, 'Odisha'], dtype=object), array([0, 'Nagaland'], dtype=object), array([0, 'Mizoram'], dtype=object), array([0, 'Meghalaya'], dtype=object), array([0, 'Manipur'], dtype=object), array([0, 'Lakshadweep'], dtype=object), array([0, 'Kerala'], dtype=object), array([0, 'Jharkhand'], dtype=object), array([0, 'Jammu and Kashmir'], dtype=object), array([0, 'Himachal Pradesh'], dtype=object), array([0, 'Gujarat'], dtype=object), array([0, 'Goa'], dtype=object), array([0, 'Daman and Diu'], dtype=object), array([0, 'Dadra and Nagar Haveli'], dtype=object), array([0, 'Chhattisgarh'], dtype=object), array([0, 'Chandigarh'], dtype=object), array([0, 'Assam'], dtype=object), array([0, 'Arunachal Pradesh'], dtype=object), array([0, 'Andhra Pradesh'], dtype=object), array([0, 'Andaman and Nicobar Islands'], dtype=object)]",,,,
1,#BigSur,98.32633626545149,hashtag,"['macOS', 'Operating system', 'Apple', 'Macintosh']","[array([100, 'Karnataka'], dtype=object), array([80, 'Jammu and Kashmir'], dtype=object), array([80, 'Haryana'], dtype=object), array([78, 'Maharashtra'], dtype=object), array([74, 'Tamil Nadu'], dtype=object), array([70, 'Telangana'], dtype=object), array([65, 'Kerala'], dtype=object), array([63, 'Delhi'], dtype=object), array([62, 'Uttarakhand'], dtype=object), array([61, 'Punjab'], dtype=object), array([57, 'Andhra Pradesh'], dtype=object), array([56, 'Gujarat'], dtype=object), array([50, 'Jharkhand'], dtype=object), array([47, 'Chhattisgarh'], dtype=object), array([47, 'Chandigarh'], dtype=object), array([43, 'West Bengal'], dtype=object), array([38, 'Uttar Pradesh'], dtype=object), array([36, 'Assam'], dtype=object), array([35, 'Odisha'], dtype=object), array([33, 'Rajasthan'], dtype=object), array([31, 'Madhya Pradesh'], dtype=object), array([26, 'Bihar'], dtype=object), array([0, 'Tripura'], dtype=object), array([0, 'Sikkim'], dtype=object), array([0, 'Puducherry'], dtype=object), array([0, 'Nagaland'], dtype=object), array([0, 'Mizoram'], dtype=object), array([0, 'Meghalaya'], dtype=object), array([0, 'Manipur'], dtype=object), array([0, 'Lakshadweep'], dtype=object), array([0, 'Himachal Pradesh'], dtype=object), array([0, 'Goa'], dtype=object), array([0, 'Daman and Diu'], dtype=object), array([0, 'Dadra and Nagar Haveli'], dtype=object), array([0, 'Arunachal Pradesh'], dtype=object), array([0, 'Andaman and Nicobar Islands'], dtype=object)]","['Installation failed after downloading 12.18 GB. @Apple #BigSur #errorinstallingBigSur https://t.co/mBJx23Zhw7', ""RT @2d2b1ecee9f8: Apple's servers right now #BigSur #macOSBigSur #macos #apple https://t.co/1PIi2ZHWfI"", 'Good job Apple. #BigSur flat out refuses to install on my 2020 MBP 13. Looks like I am not the only one. https://t.co/gN8tNpfFYF', 'After downloading the entire update (#BigSur 12.18 GB). ðŸ˜­ @AppleSupport Why? ðŸ˜¢ https://t.co/VUgC6cHE4W', 'Very helpful #apple #BigSur installation just fails and we have no clue why? @AppleSupport What is happening? I amâ€¦ https://t.co/b1B8fCbxVY']",,-2.7857142857142865,"['servers right now #BigSur #macOSBigSur', 'now #BigSur #macOSBigSur #macos #apple', 'right now #BigSur #macOSBigSur #macos', '#BigSur  #macOSBigSur #macos #apple', '#macOSBigSur  #macos #apple', "" Apple's servers right now  #BigSur"", '#BigSur flat out refuses to', 'the entire update ( #BigSur', '#BigSur  installation just fails and we have no clue why', 'Very helpful  #apple', 'Very helpful #apple  #BigSur', '#apple #BigSur installation just fails']"
2,#LudoOnNetflix,71.00872023982856,hashtag,"['Netflix', 'Ludo', 'Amazon.com', 'Game']","[array([100, 'Uttarakhand'], dtype=object), array([75, 'Jharkhand'], dtype=object), array([55, 'Punjab'], dtype=object), array([52, 'Haryana'], dtype=object), array([37, 'Assam'], dtype=object), array([23, 'Delhi'], dtype=object), array([18, 'Karnataka'], dtype=object), array([15, 'West Bengal'], dtype=object), array([15, 'Telangana'], dtype=object), array([14, 'Uttar Pradesh'], dtype=object), array([14, 'Bihar'], dtype=object), array([13, 'Rajasthan'], dtype=object), array([13, 'Maharashtra'], dtype=object), array([12, 'Gujarat'], dtype=object), array([11, 'Madhya Pradesh'], dtype=object), array([0, 'Tripura'], dtype=object), array([0, 'Tamil Nadu'], dtype=object), array([0, 'Sikkim'], dtype=object), array([0, 'Puducherry'], dtype=object), array([0, 'Odisha'], dtype=object), array([0, 'Nagaland'], dtype=object), array([0, 'Mizoram'], dtype=object), array([0, 'Meghalaya'], dtype=object), array([0, 'Manipur'], dtype=object), array([0, 'Lakshadweep'], dtype=object), array([0, 'Kerala'], dtype=object), array([0, 'Jammu and Kashmir'], dtype=object), array([0, 'Himachal Pradesh'], dtype=object), array([0, 'Goa'], dtype=object), array([0, 'Daman and Diu'], dtype=object), array([0, 'Dadra and Nagar Haveli'], dtype=object), array([0, 'Chhattisgarh'], dtype=object), array([0, 'Chandigarh'], dtype=object), array([0, 'Arunachal Pradesh'], dtype=object), array([0, 'Andhra Pradesh'], dtype=object), array([0, 'Andaman and Nicobar Islands'], dtype=object)]",,,,
3,Dhanteras,66.13712033295809,Festivity,"['October 25', 'Vasu Baras', 'GIF', 'Broom']","[array([100, 'Daman and Diu'], dtype=object), array([92, 'Chhattisgarh'], dtype=object), array([86, 'Dadra and Nagar Haveli'], dtype=object), array([81, 'Jharkhand'], dtype=object), array([70, 'Gujarat'], dtype=object), array([68, 'Uttarakhand'], dtype=object), array([53, 'Uttar Pradesh'], dtype=object), array([52, 'Rajasthan'], dtype=object), array([51, 'Madhya Pradesh'], dtype=object), array([50, 'Haryana'], dtype=object), array([45, 'Delhi'], dtype=object), array([44, 'West Bengal'], dtype=object), array([44, 'Bihar'], dtype=object), array([44, 'Assam'], dtype=object), array([40, 'Maharashtra'], dtype=object), array([39, 'Sikkim'], dtype=object), array([34, 'Odisha'], dtype=object), array([34, 'Arunachal Pradesh'], dtype=object), array([33, 'Himachal Pradesh'], dtype=object), array([32, 'Punjab'], dtype=object), array([27, 'Chandigarh'], dtype=object), array([26, 'Tripura'], dtype=object), array([21, 'Goa'], dtype=object), array([18, 'Karnataka'], dtype=object), array([17, 'Telangana'], dtype=object), array([17, 'Meghalaya'], dtype=object), array([11, 'Nagaland'], dtype=object), array([10, 'Manipur'], dtype=object), array([10, 'Jammu and Kashmir'], dtype=object), array([9, 'Andaman and Nicobar Islands'], dtype=object), array([8, 'Tamil Nadu'], dtype=object), array([8, 'Andhra Pradesh'], dtype=object), array([7, 'Puducherry'], dtype=object), array([7, 'Mizoram'], dtype=object), array([5, 'Kerala'], dtype=object), array([0, 'Lakshadweep'], dtype=object)]",,,,
4,NEET results,58.41732341235034,Entrance examination,"['2017', 'NEET Â· 2017', 'NEET Â· 2019', 'NEET Â· 2018']","[array([100, 'Andhra Pradesh'], dtype=object), array([66, 'Jammu and Kashmir'], dtype=object), array([51, 'Telangana'], dtype=object), array([51, 'Arunachal Pradesh'], dtype=object), array([45, 'Puducherry'], dtype=object), array([42, 'Tripura'], dtype=object), array([42, 'Karnataka'], dtype=object), array([40, 'Meghalaya'], dtype=object), array([33, 'Nagaland'], dtype=object), array([32, 'Andaman and Nicobar Islands'], dtype=object), array([31, 'Goa'], dtype=object), array([30, 'Kerala'], dtype=object), array([29, 'Sikkim'], dtype=object), array([25, 'Tamil Nadu'], dtype=object), array([24, 'Odisha'], dtype=object), array([24, 'Assam'], dtype=object), array([21, 'Manipur'], dtype=object), array([21, 'Chhattisgarh'], dtype=object), array([19, 'Himachal Pradesh'], dtype=object), array([18, 'Uttarakhand'], dtype=object), array([18, 'Rajasthan'], dtype=object), array([18, 'Jharkhand'], dtype=object), array([15, 'Daman and Diu'], dtype=object), array([14, 'West Bengal'], dtype=object), array([14, 'Maharashtra'], dtype=object), array([13, 'Bihar'], dtype=object), array([12, 'Uttar Pradesh'], dtype=object), array([12, 'Delhi'], dtype=object), array([12, 'Dadra and Nagar Haveli'], dtype=object), array([11, 'Mizoram'], dtype=object), array([11, 'Haryana'], dtype=object), array([11, 'Gujarat'], dtype=object), array([11, 'Chandigarh'], dtype=object), array([10, 'Punjab'], dtype=object), array([9, 'Madhya Pradesh'], dtype=object), array([0, 'Lakshadweep'], dtype=object)]",,,,
5,Barack Obama,51.54537808258115,44th U.S. President,"['Bombay Presidency', 'Prime Minister of Sri Lanka', ""Barack Obama's farewell address"", 'Melania Trump']","[array([100, 'Nagaland'], dtype=object), array([80, 'Sikkim'], dtype=object), array([63, 'Mizoram'], dtype=object), array([62, 'Tripura'], dtype=object), array([54, 'Arunachal Pradesh'], dtype=object), array([52, 'Uttarakhand'], dtype=object), array([49, 'Goa'], dtype=object), array([49, 'Delhi'], dtype=object), array([46, 'Jharkhand'], dtype=object), array([46, 'Assam'], dtype=object), array([45, 'Maharashtra'], dtype=object), array([44, 'Karnataka'], dtype=object), array([43, 'Meghalaya'], dtype=object), array([43, 'Andaman and Nicobar Islands'], dtype=object), array([41, 'West Bengal'], dtype=object), array([41, 'Haryana'], dtype=object), array([39, 'Jammu and Kashmir'], dtype=object), array([38, 'Punjab'], dtype=object), array([37, 'Chhattisgarh'], dtype=object), array([36, 'Odisha'], dtype=object), array([35, 'Chandigarh'], dtype=object), array([33, 'Manipur'], dtype=object), array([32, 'Kerala'], dtype=object), array([32, 'Gujarat'], dtype=object), array([30, 'Uttar Pradesh'], dtype=object), array([29, 'Telangana'], dtype=object), array([28, 'Tamil Nadu'], dtype=object), array([27, 'Himachal Pradesh'], dtype=object), array([26, 'Bihar'], dtype=object), array([25, 'Rajasthan'], dtype=object), array([25, 'Puducherry'], dtype=object), array([25, 'Andhra Pradesh'], dtype=object), array([23, 'Madhya Pradesh'], dtype=object), array([0, 'Lakshadweep'], dtype=object), array([0, 'Daman and Diu'], dtype=object), array([0, 'Dadra and Nagar Haveli'], dtype=object)]","['RT @BarackObama: More than anyone else, I wrote my book for young peopleâ€”as an invitation to once again remake the world, and to bring abouâ€¦', 'RT @MidwinCharles: Accurate. https://t.co/FoF8NrFNb3']","[""Obama dishes on coaching Sasha's basketball team\n"", 'How to Make this Moment the Turning Point for Real Change\n', 'Trumpâ€™s new Obama envy? Coronavirus debacle contrasted to Obamaâ€™s science-driven pandemic prep\n', 'Obama praises Chicago food bank amid coronavirus pandemic\n', ""Obama White House team watched Julia Gillard's misogyny speech when annoyed at Tony Abbott\n"", ""Obama joins a call with My Brother's Keeper Alliance communities & youth\n"", 'Sound clip?\nIs there a sound clip of Obama saying something along the lines of â€œhello I am president Barack Obamaâ€? Iâ€™m trying to make a shortcut on iPhone and I need Obama saying something along the lines of that quote as a sound clip!', 'Michelle Obama On George W. Bush: â€œI Love Him To Deathâ€\n', 'Barack Obama Promo UFC\n', 'Young Barack Obama in tonight\'s DC""s Legneds of Tomorrow S3E17. ;)\n']",35.0,['quote as a sound clip ']
6,The Supreme Court,46.864313072034996,Court,"['Ticker tape', 'News ticker', 'Lok Adalat', 'Ticker symbol']","[array([100, 'Arunachal Pradesh'], dtype=object), array([68, 'Nagaland'], dtype=object), array([62, 'Tripura'], dtype=object), array([55, 'Meghalaya'], dtype=object), array([51, 'Mizoram'], dtype=object), array([33, 'Jammu and Kashmir'], dtype=object), array([31, 'Himachal Pradesh'], dtype=object), array([28, 'Uttarakhand'], dtype=object), array([28, 'Jharkhand'], dtype=object), array([28, 'Assam'], dtype=object), array([25, 'Delhi'], dtype=object), array([24, 'Odisha'], dtype=object), array([24, 'Manipur'], dtype=object), array([24, 'Goa'], dtype=object), array([21, 'West Bengal'], dtype=object), array([20, 'Kerala'], dtype=object), array([20, 'Haryana'], dtype=object), array([19, 'Karnataka'], dtype=object), array([18, 'Punjab'], dtype=object), array([16, 'Uttar Pradesh'], dtype=object), array([16, 'Chhattisgarh'], dtype=object), array([16, 'Chandigarh'], dtype=object), array([16, 'Andhra Pradesh'], dtype=object), array([14, 'Bihar'], dtype=object), array([12, 'Telangana'], dtype=object), array([11, 'Tamil Nadu'], dtype=object), array([11, 'Maharashtra'], dtype=object), array([10, 'Rajasthan'], dtype=object), array([9, 'Madhya Pradesh'], dtype=object), array([9, 'Gujarat'], dtype=object), array([0, 'Sikkim'], dtype=object), array([0, 'Puducherry'], dtype=object), array([0, 'Lakshadweep'], dtype=object), array([0, 'Daman and Diu'], dtype=object), array([0, 'Dadra and Nagar Haveli'], dtype=object), array([0, 'Andaman and Nicobar Islands'], dtype=object)]","['RT @CAgovernor: Of the duties granted to governors, few are more consequential than nominating a new justice to the State Supreme Court.\n\nJâ€¦', '""THIS COMMENT ON BONGINO REPORT FROM MIAMI ATTORNEY:""This is going to the Supreme Court, where theyâ€¦"" â€” Talon479 https://t.co/8FnEKlkw3n', 'RT @STUinSD: A Call to Action\n\n1.  I just got a message from a friend that says the President is requesting that every registered voter senâ€¦', 'RT @WeTheInevitable: this EO is about to come into play very soon. Eyes on and follow the pen. This executive order is made even stronger nâ€¦', 'RT @JackPosobiec: Todayâ€™s PA court ruling is significant not because of the amount of ballots it affects but because it sets the legal precâ€¦']","['2001 - Ashcroft v. ACLU - Does the Child Online Protection Act\'s use of ""community standards"" to identify ""material that is harmful to minors"" violate the First Amendment?\n', '2005 - Gonzales v. Orego - Did the Controlled Substances Act authorize the attorney general to ban the use of controlled substances for physician-assisted suicide in Oregon?\n', '2007 - District of Columbia v. Heller -  Second Amendment issue.\n', ""1971 - Roe V. Wade - Does the Constitution embrace a woman's right to terminate her pregnancy by abortion?\n"", '2006 - Brendlin v. California - Is a passenger in a car ""seized"" when a police officer pulls a car over?\n', '2004 - Van Orden v. Perry - Texas 10 Commandments Case\n']",14.659090909090908,[]
7,billie,46.37961538067598,Swedish actor,"['Lovely', 'Net worth', 'Ariana Grande', 'ocean eyes']","[array([100, 'Mizoram'], dtype=object), array([73, 'Nagaland'], dtype=object), array([51, 'Arunachal Pradesh'], dtype=object), array([45, 'Sikkim'], dtype=object), array([34, 'Meghalaya'], dtype=object), array([29, 'Manipur'], dtype=object), array([21, 'Kerala'], dtype=object), array([15, 'Goa'], dtype=object), array([12, 'Tripura'], dtype=object), array([11, 'Uttarakhand'], dtype=object), array([11, 'Jammu and Kashmir'], dtype=object), array([11, 'Assam'], dtype=object), array([9, 'Karnataka'], dtype=object), array([9, 'Himachal Pradesh'], dtype=object), array([8, 'Puducherry'], dtype=object), array([7, 'West Bengal'], dtype=object), array([7, 'Telangana'], dtype=object), array([7, 'Tamil Nadu'], dtype=object), array([7, 'Punjab'], dtype=object), array([7, 'Maharashtra'], dtype=object), array([7, 'Jharkhand'], dtype=object), array([7, 'Haryana'], dtype=object), array([7, 'Delhi'], dtype=object), array([7, 'Andaman and Nicobar Islands'], dtype=object), array([6, 'Chhattisgarh'], dtype=object), array([6, 'Andhra Pradesh'], dtype=object), array([5, 'Uttar Pradesh'], dtype=object), array([5, 'Odisha'], dtype=object), array([4, 'Rajasthan'], dtype=object), array([4, 'Madhya Pradesh'], dtype=object), array([4, 'Gujarat'], dtype=object), array([4, 'Chandigarh'], dtype=object), array([3, 'Bihar'], dtype=object), array([0, 'Lakshadweep'], dtype=object), array([0, 'Daman and Diu'], dtype=object), array([0, 'Dadra and Nagar Haveli'], dtype=object)]","[""I CAN'T WAIT TO HEAR THIS BILLIE EILISH SONG AHHHH. WILL UPDATE WITH REACTION"", 'RT @billieeilish: Billie Eilish - â€œTherefore I Amâ€ \nOut now. https://t.co/2iz0SgqbBt https://t.co/gPK791PdkA', 'RT @thikdckdaddy27: billie said â€œyall got something to say bout my weight?? this how much much i donâ€™t give a fuckâ€ https://t.co/uZ4YzVZxLd', 'Billie Eilish running through an empty Glendale Galleria is eerie but also a vibe?']",,-10.0,[]
8,BTS PAVED THE WAY,45.6389389503328,hashtag,['BTS'],"[array([0, 'West Bengal'], dtype=object), array([0, 'Uttarakhand'], dtype=object), array([0, 'Uttar Pradesh'], dtype=object), array([0, 'Tripura'], dtype=object), array([0, 'Telangana'], dtype=object), array([0, 'Tamil Nadu'], dtype=object), array([0, 'Sikkim'], dtype=object), array([0, 'Rajasthan'], dtype=object), array([0, 'Punjab'], dtype=object), array([0, 'Puducherry'], dtype=object), array([0, 'Odisha'], dtype=object), array([0, 'Nagaland'], dtype=object), array([0, 'Mizoram'], dtype=object), array([0, 'Meghalaya'], dtype=object), array([0, 'Manipur'], dtype=object), array([0, 'Maharashtra'], dtype=object), array([0, 'Madhya Pradesh'], dtype=object), array([0, 'Lakshadweep'], dtype=object), array([0, 'Kerala'], dtype=object), array([0, 'Karnataka'], dtype=object), array([0, 'Jharkhand'], dtype=object), array([0, 'Jammu and Kashmir'], dtype=object), array([0, 'Himachal Pradesh'], dtype=object), array([0, 'Haryana'], dtype=object), array([0, 'Gujarat'], dtype=object), array([0, 'Goa'], dtype=object), array([0, 'Delhi'], dtype=object), array([0, 'Daman and Diu'], dtype=object), array([0, 'Dadra and Nagar Haveli'], dtype=object), array([0, 'Chhattisgarh'], dtype=object), array([0, 'Chandigarh'], dtype=object), array([0, 'Bihar'], dtype=object), array([0, 'Assam'], dtype=object), array([0, 'Arunachal Pradesh'], dtype=object), array([0, 'Andhra Pradesh'], dtype=object), array([0, 'Andaman and Nicobar Islands'], dtype=object)]",,,,
9,#RedmiNote9ProMax,43.69986796852013,hashtag,"['Asus ZenFone', 'Samsung Group', 'Redmi Note 5', 'ASUS ZenFone Max']","[array([100, 'Nagaland'], dtype=object), array([98, 'Mizoram'], dtype=object), array([69, 'Arunachal Pradesh'], dtype=object), array([68, 'Jammu and Kashmir'], dtype=object), array([62, 'Manipur'], dtype=object), array([57, 'Sikkim'], dtype=object), array([57, 'Meghalaya'], dtype=object), array([55, 'Jharkhand'], dtype=object), array([53, 'Chhattisgarh'], dtype=object), array([46, 'Dadra and Nagar Haveli'], dtype=object), array([46, 'Andhra Pradesh'], dtype=object), array([44, 'Tripura'], dtype=object), array([41, 'Uttarakhand'], dtype=object), array([40, 'Kerala'], dtype=object), array([38, 'Punjab'], dtype=object), array([38, 'Puducherry'], dtype=object), array([36, 'Himachal Pradesh'], dtype=object), array([34, 'Goa'], dtype=object), array([33, 'Andaman and Nicobar Islands'], dtype=object), array([32, 'Odisha'], dtype=object), array([31, 'Telangana'], dtype=object), array([30, 'Gujarat'], dtype=object), array([29, 'Haryana'], dtype=object), array([28, 'Uttar Pradesh'], dtype=object), array([28, 'Tamil Nadu'], dtype=object), array([27, 'West Bengal'], dtype=object), array([27, 'Maharashtra'], dtype=object), array([27, 'Assam'], dtype=object), array([26, 'Bihar'], dtype=object), array([24, 'Rajasthan'], dtype=object), array([24, 'Madhya Pradesh'], dtype=object), array([24, 'Karnataka'], dtype=object), array([17, 'Delhi'], dtype=object), array([8, 'Chandigarh'], dtype=object), array([0, 'Lakshadweep'], dtype=object), array([0, 'Daman and Diu'], dtype=object)]",,,,
10,PM Kisan Yojana,42.11807146145101,hashtag,"['Yojana', 'Plan', 'Pradhan Mantri Awas Yojana', 'Beneficiary']","[array([100, 'Jharkhand'], dtype=object), array([99, 'Uttar Pradesh'], dtype=object), array([64, 'Bihar'], dtype=object), array([62, 'Punjab'], dtype=object), array([61, 'Chhattisgarh'], dtype=object), array([53, 'Rajasthan'], dtype=object), array([46, 'Madhya Pradesh'], dtype=object), array([39, 'Haryana'], dtype=object), array([37, 'Odisha'], dtype=object), array([33, 'Maharashtra'], dtype=object), array([29, 'Uttarakhand'], dtype=object), array([26, 'Manipur'], dtype=object), array([25, 'Gujarat'], dtype=object), array([23, 'Andhra Pradesh'], dtype=object), array([22, 'Nagaland'], dtype=object), array([21, 'Mizoram'], dtype=object), array([21, 'Dadra and Nagar Haveli'], dtype=object), array([20, 'Himachal Pradesh'], dtype=object), array([17, 'Jammu and Kashmir'], dtype=object), array([17, 'Assam'], dtype=object), array([14, 'Karnataka'], dtype=object), array([13, 'Meghalaya'], dtype=object), array([12, 'Telangana'], dtype=object), array([12, 'Arunachal Pradesh'], dtype=object), array([9, 'Tripura'], dtype=object), array([6, 'Delhi'], dtype=object), array([5, 'West Bengal'], dtype=object), array([5, 'Kerala'], dtype=object), array([5, 'Chandigarh'], dtype=object), array([4, 'Tamil Nadu'], dtype=object), array([4, 'Goa'], dtype=object), array([0, 'Sikkim'], dtype=object), array([0, 'Puducherry'], dtype=object), array([0, 'Lakshadweep'], dtype=object), array([0, 'Daman and Diu'], dtype=object), array([0, 'Andaman and Nicobar Islands'], dtype=object)]",,,,
11,Friday the 13th,41.79394135024616,Film series,"['Netflix', 'System requirements', 'Lights Out', 'Oculus']","[array([100, 'Mizoram'], dtype=object), array([42, 'Goa'], dtype=object), array([41, 'Meghalaya'], dtype=object), array([32, 'Manipur'], dtype=object), array([26, 'Tamil Nadu'], dtype=object), array([25, 'Kerala'], dtype=object), array([24, 'Uttarakhand'], dtype=object), array([23, 'West Bengal'], dtype=object), array([23, 'Karnataka'], dtype=object), array([22, 'Nagaland'], dtype=object), array([22, 'Maharashtra'], dtype=object), array([20, 'Delhi'], dtype=object), array([19, 'Assam'], dtype=object), array([18, 'Punjab'], dtype=object), array([18, 'Chhattisgarh'], dtype=object), array([17, 'Himachal Pradesh'], dtype=object), array([17, 'Haryana'], dtype=object), array([15, 'Telangana'], dtype=object), array([14, 'Odisha'], dtype=object), array([13, 'Uttar Pradesh'], dtype=object), array([13, 'Rajasthan'], dtype=object), array([13, 'Jharkhand'], dtype=object), array([13, 'Gujarat'], dtype=object), array([13, 'Chandigarh'], dtype=object), array([13, 'Andhra Pradesh'], dtype=object), array([11, 'Madhya Pradesh'], dtype=object), array([10, 'Jammu and Kashmir'], dtype=object), array([8, 'Bihar'], dtype=object), array([0, 'Tripura'], dtype=object), array([0, 'Sikkim'], dtype=object), array([0, 'Puducherry'], dtype=object), array([0, 'Lakshadweep'], dtype=object), array([0, 'Daman and Diu'], dtype=object), array([0, 'Dadra and Nagar Haveli'], dtype=object), array([0, 'Arunachal Pradesh'], dtype=object), array([0, 'Andaman and Nicobar Islands'], dtype=object)]","['RT @CaptFender: ðŸ‘‰ Tomorrow is Friday the 13th in the year 2020 What could POSSIBLY happen?ðŸ˜', 'RT @ItsJoshPeck: Tomorrow is Friday the 13th in case this year wasnâ€™t weird enough.', 'RT @FlLMSYD: me realizing that tomorrow is friday the 13th and that the last friday the 13th was in march when everything started to go toâ€¦', 'I have lupus and brain fog and hardly know what day it is half the time but damn really thatâ€™s sucks! Iâ€™ll stay insâ€¦ https://t.co/6usbdGGQFt', 'Friday the 13th.']","[""Crazy Ralph was right! You're all doomed!\n"", 'Ready up, comrades\n', 'A N E W B E G I N N I N G - Mask painted by me ðŸ¤´ðŸ»ðŸ”»ðŸ’.\n', 'J A S ðŸ˜ˆ N G ðŸ˜ˆES TðŸ˜ˆ H E L L - The Final Friday ðŸ’ðŸ”». Mask by me ðŸ¤´ðŸ».\n', 'Kane Hodder and James Jude Courtney Meet Each Other\n', 'Current two Part 8â€™s Iâ€™ve been working on ðŸ”»ðŸ’. Just need some decent leather for the straps ðŸ¤£!\n', ""I was at a Halloween party at a friend's tattoo shop.. He had photographers there.. Got this picture of him tattooing me as Jason! Good times!\n"", '1 9 8 8 V I B E S ðŸ’ðŸ”»ðŸ”ª. Additional photos from down by the canal.\n', ""This Friday, im gonna marathon the series woth my friend who's never seen the movies\n""]",-7.791666666666666,"['ðŸ‘‰ Tomorrow is Friday the', 'POSSIBLY happen ? ðŸ˜', 'year 2020 What could POSSIBLY POSSIBLY', 'really that â€™ s sucks ', "" You 're all doomed "", 'Mask painted by me ðŸ¤´ðŸ»ðŸ”»ðŸ’', 'N E W B E G I N N', 'N E W B E G I N N E W B E', 'N G - Mask', 'ðŸ˜ˆ  N G ', 'J A S', 'ðŸ˜ˆ N G ðŸ˜ˆES TðŸ˜ˆ', 'H E L L - The Final Friday', 'J A S  ðŸ˜ˆ', 'S ðŸ˜ˆ N G ðŸ˜ˆES', 'J A S ðŸ˜ˆ N', '- The Final Friday ðŸ’ðŸ”»', 'ðŸ˜ˆES T ðŸ˜ˆ H E', 've been working on ðŸ”»ðŸ’', 'leather for the straps ðŸ¤£ ', 'leather for the straps ðŸ¤£', ' Good times ', 'him tattooing me as Jason ', 'I B E S ðŸ’ðŸ”»ðŸ”ª']"
12,#WeLostTheSummer,40.07523153725439,hashtag,['Summer'],"[array([0, 'West Bengal'], dtype=object), array([0, 'Uttarakhand'], dtype=object), array([0, 'Uttar Pradesh'], dtype=object), array([0, 'Tripura'], dtype=object), array([0, 'Telangana'], dtype=object), array([0, 'Tamil Nadu'], dtype=object), array([0, 'Sikkim'], dtype=object), array([0, 'Rajasthan'], dtype=object), array([0, 'Punjab'], dtype=object), array([0, 'Puducherry'], dtype=object), array([0, 'Odisha'], dtype=object), array([0, 'Nagaland'], dtype=object), array([0, 'Mizoram'], dtype=object), array([0, 'Meghalaya'], dtype=object), array([0, 'Manipur'], dtype=object), array([0, 'Maharashtra'], dtype=object), array([0, 'Madhya Pradesh'], dtype=object), array([0, 'Lakshadweep'], dtype=object), array([0, 'Kerala'], dtype=object), array([0, 'Karnataka'], dtype=object), array([0, 'Jharkhand'], dtype=object), array([0, 'Jammu and Kashmir'], dtype=object), array([0, 'Himachal Pradesh'], dtype=object), array([0, 'Haryana'], dtype=object), array([0, 'Gujarat'], dtype=object), array([0, 'Goa'], dtype=object), array([0, 'Delhi'], dtype=object), array([0, 'Daman and Diu'], dtype=object), array([0, 'Dadra and Nagar Haveli'], dtype=object), array([0, 'Chhattisgarh'], dtype=object), array([0, 'Chandigarh'], dtype=object), array([0, 'Bihar'], dtype=object), array([0, 'Assam'], dtype=object), array([0, 'Arunachal Pradesh'], dtype=object), array([0, 'Andhra Pradesh'], dtype=object), array([0, 'Andaman and Nicobar Islands'], dtype=object)]","[""RT @txtonnews: Know that TXT's  'We Lost The Summer' tells the reality of the teens going through this current situation of COVID 19 Pandemâ€¦"", 'RT @txtpictures: Â· Â· txt â€º #íˆ¬ëª¨ë¡œìš°ë°”ì´íˆ¬ê²Œë”\xa0\xa0\xa0\xa0\xa0 \nÂ© bighit âˆž we lost the summer mv \n\n#MAMAVOTE\xa0 #txt\xa0\n#WeLostTheSummer \xa0\xa0\xa0 \xa0\xa0\xa0 \xa0\xa0\xa0\xa0\xa0\xa0\xa0\xa0\xa0\xa0\xa0 \n@TXT_â€¦', 'RT @TXTFILM1: ðŸ“¸ ð’²ð‘’ ð¿ð‘œð“ˆð“‰ ð’¯ð’½ð‘’ ð’®ð“Šð“‚ð“‚ð‘’ð“‡ Official MV #BEOMGYU @TXT_members \n\n#TXT\xa0#TOMORROW_X_TOGETHER #íˆ¬ëª¨ë¡œìš°ë°”ì´íˆ¬ê²Œë” #WeLostTheSummer https://t.co/hâ€¦', 'RT @TeenVogue: #WeLostTheSummer is here ðŸ˜­ðŸ’ž @TXT_members https://t.co/pjwS5O0bcN', 'RT @promofortxt: #WeLostTheSummer finally hit 1M views. Keep going MOAs. Everything we can to chart on BB200. @TXT_bighit @TXT_members \n\nðŸ”—â€¦']",,0.0,"['Â· Â· txt â€º #íˆ¬ëª¨ë¡œìš°ë°”ì´íˆ¬ê²Œë”', 'Â© bighit âˆž we lost', 'ð’¯ð’½ð‘’ ð’®ð“Šð“‚ð“‚ð‘’ð“‡ Official MV #BEOMGYU', 'ð’¯ð’½ð‘’ ð’®ð“Šð“‚ð“‚ð‘’ð“‡ Official MV #', 'BEOMGYU', 'ð’®ð“Šð“‚ð“‚ð‘’ð“‡ Official MV # BEOMGYU BEOMGYU', ': ðŸ“¸ ð’²ð‘’ ð¿ð‘œð“ˆð“‰ ð’¯ð’½ð‘’ ð’¯ð’½ð‘’ ð’®ð“Šð“‚ð“‚ð‘’ð“‡ Official MV #', 'ðŸ“¸ ð’²ð‘’ ð¿ð‘œð“ˆð“‰ ð’¯ð’½ð‘’ ð’®ð“Šð“‚ð“‚ð‘’ð“‡', '#TXT #TOMORROW_X_TOGETHER  #íˆ¬ëª¨ë¡œìš°ë°”ì´íˆ¬ê²Œë”', '#TXT #TOMORROW_X_TOGETHER #íˆ¬ëª¨ë¡œìš°ë°”ì´íˆ¬ê²Œë”  #WeLostTheSummer', '#TXT  #TOMORROW_X_TOGETHER #íˆ¬ëª¨ë¡œìš°ë°”ì´íˆ¬ê²Œë” #WeLostTheSummer', '#TOMORROW_X_TOGETHER  #íˆ¬ëª¨ë¡œìš°ë°”ì´íˆ¬ê²Œë” #WeLostTheSummer', 'RT : #WeLostTheSummer is here ðŸ˜­ðŸ’ž', '#WeLostTheSummer finally hit 1M views', 'ðŸ”—â€¦']"
13,Hindustan,38.81435905638783,Newspaper,"['Thugs of Hindostan', 'Hindustan Zindabad', 'Pakistan', 'Border']","[array([100, 'Bihar'], dtype=object), array([85, 'Jharkhand'], dtype=object), array([65, 'Uttarakhand'], dtype=object), array([53, 'Uttar Pradesh'], dtype=object), array([41, 'Delhi'], dtype=object), array([33, 'Dadra and Nagar Haveli'], dtype=object), array([29, 'Haryana'], dtype=object), array([27, 'Daman and Diu'], dtype=object), array([26, 'Arunachal Pradesh'], dtype=object), array([23, 'Jammu and Kashmir'], dtype=object), array([20, 'West Bengal'], dtype=object), array([19, 'Meghalaya'], dtype=object), array([19, 'Chandigarh'], dtype=object), array([18, 'Rajasthan'], dtype=object), array([18, 'Punjab'], dtype=object), array([18, 'Maharashtra'], dtype=object), array([17, 'Sikkim'], dtype=object), array([16, 'Himachal Pradesh'], dtype=object), array([16, 'Goa'], dtype=object), array([16, 'Chhattisgarh'], dtype=object), array([15, 'Odisha'], dtype=object), array([15, 'Madhya Pradesh'], dtype=object), array([15, 'Gujarat'], dtype=object), array([14, 'Nagaland'], dtype=object), array([14, 'Assam'], dtype=object), array([13, 'Tripura'], dtype=object), array([13, 'Puducherry'], dtype=object), array([12, 'Tamil Nadu'], dtype=object), array([12, 'Karnataka'], dtype=object), array([11, 'Manipur'], dtype=object), array([11, 'Andaman and Nicobar Islands'], dtype=object), array([10, 'Telangana'], dtype=object), array([9, 'Kerala'], dtype=object), array([9, 'Andhra Pradesh'], dtype=object), array([7, 'Mizoram'], dtype=object), array([0, 'Lakshadweep'], dtype=object)]",,"[""Some insight on how the Chinese perceive us.\nhttps://theprint.in/opinion/china-looked-at-india-under-british-rule-as-teacher-of-what-not-to-be/519648/?amp\n\nSome truth in there. Some lies that we're intent on making come true. British accounts of India might have been racist and inaccurate, but we are a Western outpost currently. Any Hindu ethos is subservient/secondary to the ruling Western ethos."", ""Your thoughts on caste system or varna vyavastha\nThere has been an ongoing discussion between the traditionalist and the reformists part of the RW Hindus recently. I think there is a debate too that is going to happen on OpIndia. Useless to post it on other subs so posting it here to get your opinions on it.\n\nFollowing is what I think about it. Regarding what is varna vyavastha - \n\n* It is a clan based system where your clan or jaati is like your extended family. People practice strict endogamy by marrying within their jaati. Different clans have their own hereditary traditions, rituals and occupations. Depending on their hereditary occupations, a varna is associated with them. Every generation continues the tradition by enhancing the skills in the associated occupation and maintaining rituals for their respective kuladevta and kuladevti. \n\nHow is it different from current system - \n\n* It is a very different way of running a country. Currently, we spend crores of money in training individuals and filling up different occupations like army, universities and corporations. With varna vyasvastha, each clan has been given monopoly rights over a certain occupation. They get their knowledge from their forefathers, enhance it and take care of that part of the society. Since clans are tied to an occupation, over population or under population can never be an issue. \n* I also think it produces more quality individuals. A person born in a clan of architects who have been sculpting or building monuments for several generations will have far greater and intricate knowledge than a modern college trained person. Similarly, a person born in clan of warriors who have been fighting wars for several generations will have far greater willpower and expertise than a modern police or army personell.\n* Lastly, from an aastik point of view, your previous birth's karma has resulted in your current birth in your particular jaati. You have a god given duty to perform and continue your jaati's tradition. That is your svadharma through which you can attain moksha. This is different from the current way we run our society by telling youngsters to find meaning in their life and finding their passion.\n\nThere might be more points but this is all I can thnk at the moment. What are your thoughts on it?\n\nIs it a better system? Do we want to return to it? Is it possible to return to it? If yes, how? If no, how do you remove it?\n\nu/hindu-bale u/yogimodi"", 'Discuss: Establishing A Hindu State Will Be The Only Fitting Tribute To Veer Savarkar; Hereâ€™s What It May Look Like. By Arihant Pawariya\nhttps://swarajyamag.com/politics/establishing-a-hindu-state-will-be-the-only-fitting-tribute-to-veer-savarkar-heres-what-it-may-look-like\n\nSkipping the ""why"", straight to ""what"":\n\n1. Constitutionally Sanatana Dharmic\n\n  a. Sanatan Dharma will be the basis of legislation and jurisprudence\n\n  b. State duty towards people of indigenous faiths globally, right to refuge in India\n\n2. Duty of State to strengthen Sanatan Dharma and indigenous faiths\n\n   a. Resettle Pandits in Kashmir, and other displaced/distorted demographics\n\n  b.  Reverse demographic invasion of Jammu, Assam and West Bengal\n\n3. State to protect, preserve and promote the historical, cultural and religious heritage of indigenous faiths\n\n   a. mandatory teaching Hindu epics to Hindu schoolchildren.\n\n  b. Sanskrit as ""Special Status"" and local language as medium of instruction\n\n  c. State reward for education institutions which solely focus on imparting Indic education\n\n4. Not tolerate the intolerant. \n\n  a. End the Abrahamic asymmetry:\n\n       1. Polygamy outlawed \n       2. population control incentivised\n\n  b. Ban all foreign funding proselytisers\n\n  c. Nationalise all Church, Waqf properties.\n\n  d. Set Hindu temples free\n\n  e. Hindu educational instts to enjoy equal rights as ""minority instts""\n\n5. Roll back the all-pervasive State, devolve power to local levels\n\n  a. Central Govt to have less power than State Govt which should have less power than District Govt\n\n  b. Less interventionist laws (no UCC)\n\nu/AscezBecex  u/hindu-bale', 'Marxvad aur Ramrajya - by Swami Karpatri\nSwami Karpatri and his work has largely been ignored because he was not a reformist and believed in controversial things like varna system. In my opinion, most Hindu leaders after 1800s who are popular today are some sort of Hindu reformists because of Western influence. His work is now gaining a little more popularity thanks to his student Swami Nishchalanand who is the current Shankaracharya of Govardhan math.\n\nMarxvad aur Ramrajya is his book that does a comparative study of Hindu thought against Western thought. It has Marx in title because communism was very popular during the 1900s but this book does a purva puksha on all Western thinkers. This book is extremely important in my opinion because I have found this to be the only one which has been able to do a detailed purva paksha from a Sanatan Vedic viewpoint. Popular contemporary thinkers like Rajiv Malhotra have tried to do the same but they still have some Western influence in them. (By the way should not even compare thinkers like Rajiv Malhotra to Swami Karpatri but doing so because the sub started based on a discussion of his book)\n\nI was planning to post this after I read the complete book but looks like it will take me some time to do so. Just posting a summary here so that if someone wants to utilize the lock down and read can do so. The book is in Hindi which might be difficult for modern English speaking Indians but I think it helps express our ideas better without getting lost in translation. Below is what all the book covers:-\n\n* Difference between philosophy and darshan\n* Greek philosophers purva paksha - Pre-Socrates thinkers like Anaximander, Anaxagoras, Aristotle, Plato etc.\n* Western philosophers purva paksha - Kant, Hegel, Marx, T.H. Green etc.\n* Western philosophy purva paksha - Individualism, Materialism, Utilitarianism, Idealism, Monotheism etc.\n* Purva paksha on Western politics and economics and how it is affected by above philosophy\n\nAll the above is contrasted with Hindu viewpoint. I am still reading so there is definitely more ideas that might be covered in the book. This will definitely also give us an idea what a Ramrajya would be like so should be relevant for this sub. I might post a full summary later if it is useful although I found some videos on YouTube which have already done that. Book is available on Gita press and a free pdf is also available on archive.org', 'An old Moldbug article on the Christian nature of Leftism\nhttps://www.unqualified-reservations.org/2007/06/ultracalvinist-hypothesis-in/\n\nPerhaps most of this is already ""known"". The eventual claim is that progressive is a variant of Christianity that disguised itself owing to the ""secular"" notions of the state, dropping all overt theological pretext. Possibly suggesting that other philosophies/metaphysics/""religions"" could adopt a similar approach. I wonder if that\'s possible though, Christianity managed it because Christendom itself spawned the secular state, baking in its own rules - first mover advantage etc. Can non-Christian philosophies manage the same? Especially if the philosophies are heretic as far as modern leftism goes?', ""The Issue of Not Being Different Enough: Some Reflections on Rajiv Malhotraâ€™s Being Different\nhttp://geraldjameslarson.com/pdf/Being_Different_Journal_Hindu_Studies.pdf\n\nCopy-pasting my brief about this from the INews thread:\n> This is a critique of Rajiv Malhotra's Being Different by one, Gerald James Larson. Don't read it if you haven't read the book yet. It describes very well how I felt after reading the book, especially about integral unity. The critique discusses how all Dharmic philosophies unfortunately get reduced and dumped under a Vedantic outlook, and that this approach defeats the very purpose of the book. The critique also suggests a way forward, that Indian thinkers should attempt synthesis between Indian and Western ideas, which I completely agree with. After all a Vedantic Monist shouldn't be rejecting something for being different, for something based on identity.\n\n> I also fear sharing such articles, as to the shallow reader, it comes off as an excuse to reject Rajiv Malhotra. None of this takes away from the importance of RM's work, someone has to do it and I'm glad he's doing it, even if not perfect. If nothing else, RM's work will seed other ideas in the times to come."", 'How to legally own a gun in India?\n']",,
14,#ArundhatiRoy,38.26534700309539,hashtag,"['1997', 'The Ministry of Utmost Happiness', 'Tour de France', 'UNICEF']","[array([100, 'Kerala'], dtype=object), array([91, 'Jammu and Kashmir'], dtype=object), array([72, 'Meghalaya'], dtype=object), array([68, 'Uttarakhand'], dtype=object), array([64, 'Jharkhand'], dtype=object), array([63, 'Delhi'], dtype=object), array([59, 'West Bengal'], dtype=object), array([57, 'Puducherry'], dtype=object), array([54, 'Goa'], dtype=object), array([51, 'Karnataka'], dtype=object), array([48, 'Chhattisgarh'], dtype=object), array([48, 'Assam'], dtype=object), array([45, 'Odisha'], dtype=object), array([43, 'Haryana'], dtype=object), array([41, 'Maharashtra'], dtype=object), array([40, 'Tamil Nadu'], dtype=object), array([39, 'Tripura'], dtype=object), array([35, 'Uttar Pradesh'], dtype=object), array([33, 'Telangana'], dtype=object), array([33, 'Himachal Pradesh'], dtype=object), array([32, 'Punjab'], dtype=object), array([30, 'Chandigarh'], dtype=object), array([29, 'Gujarat'], dtype=object), array([28, 'Bihar'], dtype=object), array([26, 'Madhya Pradesh'], dtype=object), array([26, 'Andhra Pradesh'], dtype=object), array([23, 'Manipur'], dtype=object), array([21, 'Rajasthan'], dtype=object), array([0, 'Sikkim'], dtype=object), array([0, 'Nagaland'], dtype=object), array([0, 'Mizoram'], dtype=object), array([0, 'Lakshadweep'], dtype=object), array([0, 'Daman and Diu'], dtype=object), array([0, 'Dadra and Nagar Haveli'], dtype=object), array([0, 'Arunachal Pradesh'], dtype=object), array([0, 'Andaman and Nicobar Islands'], dtype=object)]",,,,
15,Get Well Soon,37.91871025535236,Band,"['Jealousy', 'GetintoPC', 'Suffering', 'Ariana Grande']","[array([100, 'Meghalaya'], dtype=object), array([97, 'Nagaland'], dtype=object), array([74, 'Arunachal Pradesh'], dtype=object), array([66, 'Mizoram'], dtype=object), array([56, 'Jammu and Kashmir'], dtype=object), array([50, 'Manipur'], dtype=object), array([46, 'Uttarakhand'], dtype=object), array([45, 'Goa'], dtype=object), array([43, 'Punjab'], dtype=object), array([43, 'Delhi'], dtype=object), array([41, 'Himachal Pradesh'], dtype=object), array([39, 'Chandigarh'], dtype=object), array([37, 'Maharashtra'], dtype=object), array([36, 'Chhattisgarh'], dtype=object), array([34, 'Haryana'], dtype=object), array([33, 'Jharkhand'], dtype=object), array([33, 'Gujarat'], dtype=object), array([32, 'Assam'], dtype=object), array([29, 'Karnataka'], dtype=object), array([27, 'Uttar Pradesh'], dtype=object), array([27, 'Telangana'], dtype=object), array([27, 'Odisha'], dtype=object), array([27, 'Kerala'], dtype=object), array([26, 'West Bengal'], dtype=object), array([23, 'Rajasthan'], dtype=object), array([22, 'Tamil Nadu'], dtype=object), array([22, 'Madhya Pradesh'], dtype=object), array([21, 'Andhra Pradesh'], dtype=object), array([16, 'Bihar'], dtype=object), array([0, 'Tripura'], dtype=object), array([0, 'Sikkim'], dtype=object), array([0, 'Puducherry'], dtype=object), array([0, 'Lakshadweep'], dtype=object), array([0, 'Daman and Diu'], dtype=object), array([0, 'Dadra and Nagar Haveli'], dtype=object), array([0, 'Andaman and Nicobar Islands'], dtype=object)]","['@repdonyoung @rpyers Get well soon.', 'RT @rupali0023: There are lot of Pseduo Liberals hovering on my tweets one after other !\n\nWell,I have only two things for you, \n\nFirst,Thanâ€¦', ""Get well soon my man. He's 87 and dean of the house tho."", '@andersoneclair Get well soon', 'RT @KlovesGulf: Jealousy is a disease....Get well soon!']","['REIKI DISTANCE ENERGY HEALING For PROTECTION FROM ILLNESS WITH SPECIFIC EMPHASIS ON THE CORONAVIRUS with Crystals\n', 'ðŸ’•Get well soon cutie ðŸ’•\n', 'Get well soon wishes\nI know you donâ€™t feel well right now. But always keep in mind that we all are with you. Be strong mom! I wish you get well soon! Mom, you are my World. Without you everything getting bored. Get Well Soon Mom!', 'Get well soon wishes for boss\nGet Well Soon. Life has much delight and fun experience to offer to you. #Get #well #soon as you experience them my dear Boss.', '#GetWellSoon\n', ""Get well soon, Kurt! We miss you and we're here for you!\nLove the /r/iamverysmart mod team <3"", 'Get well soon!\n', ""Sick Dammit!\nI've haven't been this sick for this long for years.  Turns out I had bronchitis, which made it easy for the flu, which made it easy for the bacteria.  Fever 103.  I hate all healthy people!""]",-1.25,"['my tweets one after other ', 'Get well soon ', 'ðŸ’•Get  well soon cutie ðŸ’•', 'ðŸ’•Get well soon cutie ðŸ’•', 'ðŸ’• Get well soon cutie ', ' Be strong mom ', 'wish you get well soon ', ' Get Well Soon Mom ', '#well #soon as you experience', '#Get #well #soon as you', '#soon  as you experience them my dear Boss', ' #Get #well  #soon', ""we 're here for you "", ' Kurt ', 'soon ', 'Sick Dammit ', 'I hate all healthy people ']"
16,Swami Vivekananda,37.50837178775651,"Private university in Meerut, India","['Swami Vivekananda Airport, Raipur', 'Scholarship', 'Swami Vivekananda Road', 'Youth Day']","[array([100, 'Tripura'], dtype=object), array([82, 'West Bengal'], dtype=object), array([59, 'Arunachal Pradesh'], dtype=object), array([45, 'Karnataka'], dtype=object), array([37, 'Jharkhand'], dtype=object), array([34, 'Chhattisgarh'], dtype=object), array([33, 'Andhra Pradesh'], dtype=object), array([29, 'Meghalaya'], dtype=object), array([28, 'Telangana'], dtype=object), array([28, 'Sikkim'], dtype=object), array([26, 'Odisha'], dtype=object), array([26, 'Maharashtra'], dtype=object), array([26, 'Gujarat'], dtype=object), array([26, 'Daman and Diu'], dtype=object), array([25, 'Goa'], dtype=object), array([25, 'Assam'], dtype=object), array([24, 'Uttarakhand'], dtype=object), array([20, 'Madhya Pradesh'], dtype=object), array([19, 'Bihar'], dtype=object), array([18, 'Rajasthan'], dtype=object), array([18, 'Dadra and Nagar Haveli'], dtype=object), array([17, 'Uttar Pradesh'], dtype=object), array([17, 'Manipur'], dtype=object), array([17, 'Kerala'], dtype=object), array([17, 'Himachal Pradesh'], dtype=object), array([17, 'Andaman and Nicobar Islands'], dtype=object), array([16, 'Tamil Nadu'], dtype=object), array([16, 'Puducherry'], dtype=object), array([16, 'Delhi'], dtype=object), array([15, 'Haryana'], dtype=object), array([14, 'Jammu and Kashmir'], dtype=object), array([13, 'Nagaland'], dtype=object), array([12, 'Punjab'], dtype=object), array([10, 'Chandigarh'], dtype=object), array([9, 'Mizoram'], dtype=object), array([0, 'Lakshadweep'], dtype=object)]",,,,
17,Avengers: Endgame,35.8988975087379,2019 film,"['Avengers: Endgame', 'The Avengers', 'The Avengers', 'Avengers: Age of Ultron']","[array([100, 'Dadra and Nagar Haveli'], dtype=object), array([96, 'Tamil Nadu'], dtype=object), array([95, 'Arunachal Pradesh'], dtype=object), array([94, 'Sikkim'], dtype=object), array([91, 'Meghalaya'], dtype=object), array([90, 'Uttarakhand'], dtype=object), array([87, 'Nagaland'], dtype=object), array([87, 'Goa'], dtype=object), array([86, 'Odisha'], dtype=object), array([85, 'Jharkhand'], dtype=object), array([84, 'Tripura'], dtype=object), array([84, 'Kerala'], dtype=object), array([84, 'Chhattisgarh'], dtype=object), array([84, 'Andhra Pradesh'], dtype=object), array([82, 'Manipur'], dtype=object), array([76, 'Puducherry'], dtype=object), array([74, 'Assam'], dtype=object), array([72, 'Daman and Diu'], dtype=object), array([71, 'Maharashtra'], dtype=object), array([71, 'Gujarat'], dtype=object), array([69, 'West Bengal'], dtype=object), array([69, 'Punjab'], dtype=object), array([69, 'Mizoram'], dtype=object), array([68, 'Telangana'], dtype=object), array([65, 'Haryana'], dtype=object), array([63, 'Uttar Pradesh'], dtype=object), array([63, 'Delhi'], dtype=object), array([60, 'Karnataka'], dtype=object), array([59, 'Jammu and Kashmir'], dtype=object), array([54, 'Himachal Pradesh'], dtype=object), array([52, 'Rajasthan'], dtype=object), array([47, 'Madhya Pradesh'], dtype=object), array([43, 'Bihar'], dtype=object), array([38, 'Chandigarh'], dtype=object), array([23, 'Andaman and Nicobar Islands'], dtype=object), array([0, 'Lakshadweep'], dtype=object)]",,,,
18,#DiwaliCelebration2020,35.756962028353996,hashtag,"['Krishna Janmashtami', 'Clip art', 'Ganesh Chaturthi', 'Vacation']","[array([100, 'Puducherry'], dtype=object), array([89, 'Maharashtra'], dtype=object), array([81, 'Haryana'], dtype=object), array([79, 'Goa'], dtype=object), array([75, 'Uttarakhand'], dtype=object), array([72, 'Punjab'], dtype=object), array([64, 'Tamil Nadu'], dtype=object), array([64, 'Himachal Pradesh'], dtype=object), array([60, 'Chhattisgarh'], dtype=object), array([58, 'Gujarat'], dtype=object), array([57, 'Delhi'], dtype=object), array([54, 'Karnataka'], dtype=object), array([54, 'Chandigarh'], dtype=object), array([47, 'Jharkhand'], dtype=object), array([44, 'Rajasthan'], dtype=object), array([42, 'Uttar Pradesh'], dtype=object), array([42, 'Telangana'], dtype=object), array([40, 'Odisha'], dtype=object), array([38, 'Madhya Pradesh'], dtype=object), array([34, 'Assam'], dtype=object), array([34, 'Andhra Pradesh'], dtype=object), array([32, 'West Bengal'], dtype=object), array([30, 'Jammu and Kashmir'], dtype=object), array([26, 'Kerala'], dtype=object), array([20, 'Bihar'], dtype=object), array([0, 'Tripura'], dtype=object), array([0, 'Sikkim'], dtype=object), array([0, 'Nagaland'], dtype=object), array([0, 'Mizoram'], dtype=object), array([0, 'Meghalaya'], dtype=object), array([0, 'Manipur'], dtype=object), array([0, 'Lakshadweep'], dtype=object), array([0, 'Daman and Diu'], dtype=object), array([0, 'Dadra and Nagar Haveli'], dtype=object), array([0, 'Arunachal Pradesh'], dtype=object), array([0, 'Andaman and Nicobar Islands'], dtype=object)]",,,,
19,Article 370,35.70413903228842,Topic,"['Quantum', 'Satyendra Nath Bose', 'Quantum mechanics', 'Bhaichung Bhutia']","[array([100, 'Arunachal Pradesh'], dtype=object), array([75, 'Jammu and Kashmir'], dtype=object), array([60, 'Nagaland'], dtype=object), array([55, 'Sikkim'], dtype=object), array([54, 'Meghalaya'], dtype=object), array([41, 'Goa'], dtype=object), array([40, 'Uttarakhand'], dtype=object), array([37, 'Jharkhand'], dtype=object), array([35, 'Daman and Diu'], dtype=object), array([33, 'Himachal Pradesh'], dtype=object), array([30, 'Telangana'], dtype=object), array([30, 'Odisha'], dtype=object), array([30, 'Mizoram'], dtype=object), array([29, 'Haryana'], dtype=object), array([27, 'Manipur'], dtype=object), array([27, 'Karnataka'], dtype=object), array([27, 'Chhattisgarh'], dtype=object), array([26, 'Delhi'], dtype=object), array([25, 'Tripura'], dtype=object), array([25, 'Assam'], dtype=object), array([25, 'Andhra Pradesh'], dtype=object), array([23, 'Punjab'], dtype=object), array([23, 'Maharashtra'], dtype=object), array([21, 'Uttar Pradesh'], dtype=object), array([21, 'Dadra and Nagar Haveli'], dtype=object), array([18, 'West Bengal'], dtype=object), array([18, 'Kerala'], dtype=object), array([18, 'Gujarat'], dtype=object), array([17, 'Chandigarh'], dtype=object), array([16, 'Rajasthan'], dtype=object), array([14, 'Madhya Pradesh'], dtype=object), array([13, 'Tamil Nadu'], dtype=object), array([13, 'Bihar'], dtype=object), array([12, 'Andaman and Nicobar Islands'], dtype=object), array([10, 'Puducherry'], dtype=object), array([0, 'Lakshadweep'], dtype=object)]",,"['View from the right: Kashmir and 370\n', 'Article 370 raised cost of business in Jammu and Kashmir: S Jaishankar\n', 'PM Modi dares opposition to declare bringing back Article 370 in manifesto\n', ""Article 370 Was a Mistake, Pakistan's Reaction Sign of Complete Bankruptcy, Says Harish Salve\n"", 'Article 370 is gone!\nHistorical decision.']",,
20,Captain Marvel,35.11268916117716,Film,"['Brie Larson', 'Box office', 'Magnet URI scheme', 'Aquaman']","[array([100, 'Arunachal Pradesh'], dtype=object), array([98, 'Puducherry'], dtype=object), array([97, 'Kerala'], dtype=object), array([97, 'Goa'], dtype=object), array([91, 'Tamil Nadu'], dtype=object), array([81, 'Tripura'], dtype=object), array([79, 'Meghalaya'], dtype=object), array([78, 'Mizoram'], dtype=object), array([77, 'Sikkim'], dtype=object), array([74, 'Odisha'], dtype=object), array([72, 'Uttarakhand'], dtype=object), array([70, 'Daman and Diu'], dtype=object), array([70, 'Chhattisgarh'], dtype=object), array([69, 'Manipur'], dtype=object), array([66, 'Maharashtra'], dtype=object), array([64, 'Karnataka'], dtype=object), array([64, 'Gujarat'], dtype=object), array([64, 'Assam'], dtype=object), array([62, 'Jharkhand'], dtype=object), array([62, 'Andhra Pradesh'], dtype=object), array([61, 'West Bengal'], dtype=object), array([58, 'Telangana'], dtype=object), array([57, 'Delhi'], dtype=object), array([52, 'Punjab'], dtype=object), array([51, 'Haryana'], dtype=object), array([50, 'Uttar Pradesh'], dtype=object), array([50, 'Nagaland'], dtype=object), array([43, 'Dadra and Nagar Haveli'], dtype=object), array([42, 'Jammu and Kashmir'], dtype=object), array([40, 'Rajasthan'], dtype=object), array([40, 'Himachal Pradesh'], dtype=object), array([38, 'Madhya Pradesh'], dtype=object), array([37, 'Chandigarh'], dtype=object), array([33, 'Bihar'], dtype=object), array([14, 'Andaman and Nicobar Islands'], dtype=object), array([0, 'Lakshadweep'], dtype=object)]",,"['Alex Ross Captain Marvel!\n', 'What does he represent?\nIf Superman is the symbol of Hope Batman is Vengeance/Justice Flash is Progress/Science Wonderwoman is Equality what does this make the Captain? Imagination? Wonder? Change? Humanity?', 'Do you guys prefer if captain marvel looks like an older billy or Billyâ€™s dad?\n', 'What do you guys think about the Alex Ross Design?\nDo you guys think its a good callback to the original design, or that it is too simplistic?', 'Nice dog you got there, Cap! [Art by me] (check comments)\n', 'The Superman & Shazam Family May Finally Be Uniting\n', 'Shazam Beats His Greatest Villain... In The Most Obvious Way\n', ""Shazam's SHOCKING Seventh Champion & Last Member Revealed By DC Comics\n""]",,
21,Kabir Singh,34.92134478270872,Indian film actor,"['Box office', 'Shahid Kapoor', 'Arjun Reddy', 'Kiara Advani']","[array([100, 'Daman and Diu'], dtype=object), array([95, 'Arunachal Pradesh'], dtype=object), array([94, 'Dadra and Nagar Haveli'], dtype=object), array([88, 'Chhattisgarh'], dtype=object), array([85, 'Uttarakhand'], dtype=object), array([85, 'Gujarat'], dtype=object), array([84, 'Jharkhand'], dtype=object), array([77, 'Goa'], dtype=object), array([74, 'Sikkim'], dtype=object), array([70, 'Assam'], dtype=object), array([67, 'Maharashtra'], dtype=object), array([66, 'Manipur'], dtype=object), array([63, 'Tripura'], dtype=object), array([62, 'Odisha'], dtype=object), array([62, 'Himachal Pradesh'], dtype=object), array([60, 'Jammu and Kashmir'], dtype=object), array([59, 'Rajasthan'], dtype=object), array([58, 'Madhya Pradesh'], dtype=object), array([57, 'Meghalaya'], dtype=object), array([55, 'Uttar Pradesh'], dtype=object), array([54, 'Haryana'], dtype=object), array([51, 'West Bengal'], dtype=object), array([49, 'Punjab'], dtype=object), array([49, 'Delhi'], dtype=object), array([48, 'Nagaland'], dtype=object), array([44, 'Bihar'], dtype=object), array([34, 'Telangana'], dtype=object), array([31, 'Chandigarh'], dtype=object), array([30, 'Andhra Pradesh'], dtype=object), array([29, 'Karnataka'], dtype=object), array([24, 'Mizoram'], dtype=object), array([20, 'Kerala'], dtype=object), array([16, 'Andaman and Nicobar Islands'], dtype=object), array([15, 'Tamil Nadu'], dtype=object), array([13, 'Puducherry'], dtype=object), array([0, 'Lakshadweep'], dtype=object)]",,"['this could have been a alternate ending\n', ""KabirSingh has been created\nThis is not a subreddit about the T Series film, it's for you to subscribe to Pewdiepie. \nhttps://www.youtube.com/user/PewDiePie"", 'this could have been a alternate ending\n', ""KabirSingh has been created\nThis is not a subreddit about the T Series film, it's for you to subscribe to Pewdiepie. \nhttps://www.youtube.com/user/PewDiePie"", 'this could have been a alternate ending\n', ""KabirSingh has been created\nThis is not a subreddit about the T Series film, it's for you to subscribe to Pewdiepie. \nhttps://www.youtube.com/user/PewDiePie""]",,
22,Cricket World Cup,34.92134477306721,Cricket tournament,"['2018 Under-19 Cricket World Cup', 'Old Trafford Cricket Ground', 'Rose Bowl Cricket Stadium', ""2017 Women's Cricket World Cup""]","[array([100, 'Sikkim'], dtype=object), array([99, 'Meghalaya'], dtype=object), array([96, 'Arunachal Pradesh'], dtype=object), array([94, 'Tripura'], dtype=object), array([79, 'Goa'], dtype=object), array([76, 'Daman and Diu'], dtype=object), array([73, 'Dadra and Nagar Haveli'], dtype=object), array([66, 'West Bengal'], dtype=object), array([62, 'Nagaland'], dtype=object), array([62, 'Kerala'], dtype=object), array([60, 'Odisha'], dtype=object), array([60, 'Assam'], dtype=object), array([58, 'Jammu and Kashmir'], dtype=object), array([56, 'Uttarakhand'], dtype=object), array([56, 'Jharkhand'], dtype=object), array([55, 'Manipur'], dtype=object), array([52, 'Karnataka'], dtype=object), array([52, 'Chhattisgarh'], dtype=object), array([49, 'Himachal Pradesh'], dtype=object), array([48, 'Andhra Pradesh'], dtype=object), array([47, 'Puducherry'], dtype=object), array([46, 'Tamil Nadu'], dtype=object), array([46, 'Punjab'], dtype=object), array([44, 'Telangana'], dtype=object), array([44, 'Haryana'], dtype=object), array([44, 'Gujarat'], dtype=object), array([43, 'Maharashtra'], dtype=object), array([34, 'Mizoram'], dtype=object), array([33, 'Delhi'], dtype=object), array([32, 'Uttar Pradesh'], dtype=object), array([30, 'Rajasthan'], dtype=object), array([28, 'Madhya Pradesh'], dtype=object), array([26, 'Chandigarh'], dtype=object), array([26, 'Bihar'], dtype=object), array([17, 'Andaman and Nicobar Islands'], dtype=object), array([0, 'Lakshadweep'], dtype=object)]",,,,
23,Chandrayaan 2,34.921344770931974,Space mission,"['Lander', 'NASA', 'Scientist', 'Governor']","[array([100, 'Daman and Diu'], dtype=object), array([95, 'Goa'], dtype=object), array([82, 'Arunachal Pradesh'], dtype=object), array([78, 'Jharkhand'], dtype=object), array([73, 'Uttarakhand'], dtype=object), array([71, 'Tripura'], dtype=object), array([69, 'Dadra and Nagar Haveli'], dtype=object), array([68, 'Chhattisgarh'], dtype=object), array([67, 'Sikkim'], dtype=object), array([66, 'Andhra Pradesh'], dtype=object), array([62, 'Telangana'], dtype=object), array([62, 'Karnataka'], dtype=object), array([61, 'Meghalaya'], dtype=object), array([61, 'Maharashtra'], dtype=object), array([61, 'Haryana'], dtype=object), array([57, 'Odisha'], dtype=object), array([52, 'Gujarat'], dtype=object), array([48, 'Uttar Pradesh'], dtype=object), array([48, 'Puducherry'], dtype=object), array([48, 'Nagaland'], dtype=object), array([48, 'Himachal Pradesh'], dtype=object), array([46, 'Tamil Nadu'], dtype=object), array([46, 'Kerala'], dtype=object), array([44, 'West Bengal'], dtype=object), array([43, 'Punjab'], dtype=object), array([43, 'Assam'], dtype=object), array([42, 'Delhi'], dtype=object), array([39, 'Rajasthan'], dtype=object), array([35, 'Madhya Pradesh'], dtype=object), array([34, 'Bihar'], dtype=object), array([31, 'Manipur'], dtype=object), array([24, 'Chandigarh'], dtype=object), array([20, 'Mizoram'], dtype=object), array([14, 'Jammu and Kashmir'], dtype=object), array([14, 'Andaman and Nicobar Islands'], dtype=object), array([0, 'Lakshadweep'], dtype=object)]",,,,
24,#VivekanandaInJNU,34.921344770931974,hashtag,"['Statue', 'Delhi', 'College', 'Jaipur']","[array([100, 'West Bengal'], dtype=object), array([42, 'Delhi'], dtype=object), array([26, 'Bihar'], dtype=object), array([25, 'Uttar Pradesh'], dtype=object), array([14, 'Karnataka'], dtype=object), array([13, 'Maharashtra'], dtype=object), array([0, 'Uttarakhand'], dtype=object), array([0, 'Tripura'], dtype=object), array([0, 'Telangana'], dtype=object), array([0, 'Tamil Nadu'], dtype=object), array([0, 'Sikkim'], dtype=object), array([0, 'Rajasthan'], dtype=object), array([0, 'Punjab'], dtype=object), array([0, 'Puducherry'], dtype=object), array([0, 'Odisha'], dtype=object), array([0, 'Nagaland'], dtype=object), array([0, 'Mizoram'], dtype=object), array([0, 'Meghalaya'], dtype=object), array([0, 'Manipur'], dtype=object), array([0, 'Madhya Pradesh'], dtype=object), array([0, 'Lakshadweep'], dtype=object), array([0, 'Kerala'], dtype=object), array([0, 'Jharkhand'], dtype=object), array([0, 'Jammu and Kashmir'], dtype=object), array([0, 'Himachal Pradesh'], dtype=object), array([0, 'Haryana'], dtype=object), array([0, 'Gujarat'], dtype=object), array([0, 'Goa'], dtype=object), array([0, 'Daman and Diu'], dtype=object), array([0, 'Dadra and Nagar Haveli'], dtype=object), array([0, 'Chhattisgarh'], dtype=object), array([0, 'Chandigarh'], dtype=object), array([0, 'Assam'], dtype=object), array([0, 'Arunachal Pradesh'], dtype=object), array([0, 'Andhra Pradesh'], dtype=object), array([0, 'Andaman and Nicobar Islands'], dtype=object)]",,,,
25,Lok Sabha Elections,34.71923714026373,General election,"['Karnataka Legislative Assembly', 'Green Revolution', 'Vellore', 'M. S. Swaminathan']","[array([100, 'Nagaland'], dtype=object), array([68, 'Goa'], dtype=object), array([65, 'Dadra and Nagar Haveli'], dtype=object), array([64, 'Mizoram'], dtype=object), array([63, 'Jammu and Kashmir'], dtype=object), array([54, 'Meghalaya'], dtype=object), array([53, 'Daman and Diu'], dtype=object), array([50, 'Uttarakhand'], dtype=object), array([49, 'Jharkhand'], dtype=object), array([47, 'Haryana'], dtype=object), array([44, 'Punjab'], dtype=object), array([41, 'Tripura'], dtype=object), array([41, 'Sikkim'], dtype=object), array([41, 'Manipur'], dtype=object), array([40, 'Karnataka'], dtype=object), array([39, 'Himachal Pradesh'], dtype=object), array([39, 'Delhi'], dtype=object), array([39, 'Andaman and Nicobar Islands'], dtype=object), array([37, 'Telangana'], dtype=object), array([33, 'Chhattisgarh'], dtype=object), array([33, 'Assam'], dtype=object), array([32, 'Uttar Pradesh'], dtype=object), array([30, 'Maharashtra'], dtype=object), array([30, 'Andhra Pradesh'], dtype=object), array([29, 'Arunachal Pradesh'], dtype=object), array([27, 'Chandigarh'], dtype=object), array([26, 'Puducherry'], dtype=object), array([24, 'Kerala'], dtype=object), array([23, 'Rajasthan'], dtype=object), array([22, 'Tamil Nadu'], dtype=object), array([22, 'Gujarat'], dtype=object), array([22, 'Bihar'], dtype=object), array([21, 'West Bengal'], dtype=object), array([21, 'Odisha'], dtype=object), array([19, 'Madhya Pradesh'], dtype=object), array([0, 'Lakshadweep'], dtype=object)]",,,,
26,Sancho,34.44209399257192,Footballer,"['Manchester United F.C.', 'Transfer', 'Manchester', 'Sports league']","[array([100, 'Mizoram'], dtype=object), array([64, 'Sikkim'], dtype=object), array([49, 'Meghalaya'], dtype=object), array([35, 'Nagaland'], dtype=object), array([30, 'Goa'], dtype=object), array([23, 'Arunachal Pradesh'], dtype=object), array([22, 'Kerala'], dtype=object), array([21, 'Manipur'], dtype=object), array([10, 'West Bengal'], dtype=object), array([9, 'Assam'], dtype=object), array([7, 'Tripura'], dtype=object), array([7, 'Maharashtra'], dtype=object), array([7, 'Karnataka'], dtype=object), array([6, 'Uttarakhand'], dtype=object), array([6, 'Tamil Nadu'], dtype=object), array([6, 'Jammu and Kashmir'], dtype=object), array([5, 'Odisha'], dtype=object), array([5, 'Jharkhand'], dtype=object), array([5, 'Haryana'], dtype=object), array([5, 'Delhi'], dtype=object), array([4, 'Himachal Pradesh'], dtype=object), array([4, 'Gujarat'], dtype=object), array([3, 'Uttar Pradesh'], dtype=object), array([3, 'Telangana'], dtype=object), array([3, 'Punjab'], dtype=object), array([3, 'Chhattisgarh'], dtype=object), array([2, 'Rajasthan'], dtype=object), array([2, 'Madhya Pradesh'], dtype=object), array([2, 'Chandigarh'], dtype=object), array([2, 'Bihar'], dtype=object), array([2, 'Andhra Pradesh'], dtype=object), array([0, 'Puducherry'], dtype=object), array([0, 'Lakshadweep'], dtype=object), array([0, 'Daman and Diu'], dtype=object), array([0, 'Dadra and Nagar Haveli'], dtype=object), array([0, 'Andaman and Nicobar Islands'], dtype=object)]","['Especially when he doesnâ€™t have that long drive explosive burst and isnâ€™t that good of a ball striker. So special iâ€¦ https://t.co/04i3jMkCrD', ""RT @AdedotunEfa: @England @Sanchooo10 GOALLL Jadon Sancho âš½\n\n35' England 2-0 Ireland ðŸ‡®ðŸ‡ª\n\nFollow for more ðŸ‘ˆ âš½ âš½ \n\nhttps://t.co/tUC8wJkOBF"", 'What Iâ€™ve learned tonight:\n\nGrealish is class\n\nSaka is a real talent \n\n@sammatterface loves DCLâ€™s wardrobe\n\nIrelandâ€¦ https://t.co/OmeiHlKNp4', 'RT @brfootball: Manchester United fans watching Grealish and Sancho link up for England \U0001f92c https://t.co/ghtL4Jl6fU', 'RT @PurelyFootball: If Jadon Sancho scores first tonight for England weâ€™ll giveaway a brand new PS5 OR an Xbox Series X!ðŸŽ®\n\nRetweet &amp; followâ€¦']","[""YOU AREN'T THE REAL AUSTRALIAN SANCHO I KNOW AND LOVE YOU LIAR I HATE YOU\ntitle"", 'Sancho had a hard night of partying..\n', ""YOU AREN'T THE REAL AUSTRALIAN SANCHO I KNOW AND LOVE YOU LIAR I HATE YOU\ntitle"", 'Sancho had a hard night of partying..\n', ""YOU AREN'T THE REAL AUSTRALIAN SANCHO I KNOW AND LOVE YOU LIAR I HATE YOU\ntitle"", 'Sancho had a hard night of partying..\n']",22.899350649350648,"[' GOALLL Jadon Sancho  âš½', ""35' England 2-0 Ireland ðŸ‡®ðŸ‡ª"", ""' England 2-0 Ireland ðŸ‡®ðŸ‡ª"", 'ðŸ‘ˆ  âš½ âš½', 'Follow for more ðŸ‘ˆ âš½ âš½', 'Follow for more ðŸ‘ˆ  âš½', 'fans watching Grealish and Sancho', 'Sancho link up for England', 'Manchester United fans', 'link up for England \U0001f92c', 'Manchester United fans watching Grealish', 'OR an Xbox Series X ', 'brand new PS5 OR an an Xbox Series X', 'an Xbox Series X !', 'Jadon Sancho', 'Jadon Sancho scores first tonight']"
27,#Deepavali,34.369033856102945,hashtag,"['MassTamilan', 'JÄti', 'Dassehra', 'Paragraph']","[array([100, 'Tamil Nadu'], dtype=object), array([96, 'Puducherry'], dtype=object), array([73, 'Rajasthan'], dtype=object), array([73, 'Karnataka'], dtype=object), array([50, 'Andhra Pradesh'], dtype=object), array([46, 'Telangana'], dtype=object), array([41, 'Uttar Pradesh'], dtype=object), array([39, 'Kerala'], dtype=object), array([39, 'Bihar'], dtype=object), array([37, 'Madhya Pradesh'], dtype=object), array([33, 'Uttarakhand'], dtype=object), array([29, 'Chhattisgarh'], dtype=object), array([26, 'Jharkhand'], dtype=object), array([26, 'Haryana'], dtype=object), array([26, 'Dadra and Nagar Haveli'], dtype=object), array([24, 'Himachal Pradesh'], dtype=object), array([24, 'Daman and Diu'], dtype=object), array([18, 'Punjab'], dtype=object), array([18, 'Delhi'], dtype=object), array([17, 'Odisha'], dtype=object), array([15, 'Sikkim'], dtype=object), array([14, 'Goa'], dtype=object), array([13, 'Maharashtra'], dtype=object), array([13, 'Gujarat'], dtype=object), array([13, 'Arunachal Pradesh'], dtype=object), array([12, 'West Bengal'], dtype=object), array([12, 'Tripura'], dtype=object), array([11, 'Assam'], dtype=object), array([10, 'Nagaland'], dtype=object), array([10, 'Jammu and Kashmir'], dtype=object), array([9, 'Chandigarh'], dtype=object), array([8, 'Manipur'], dtype=object), array([8, 'Andaman and Nicobar Islands'], dtype=object), array([6, 'Meghalaya'], dtype=object), array([0, 'Mizoram'], dtype=object), array([0, 'Lakshadweep'], dtype=object)]",,,,
28,Joker,34.13854963790174,Character,"['Joaquin Phoenix', 'Magnet URI scheme', 'It Chapter Two', 'It']","[array([100, 'Kerala'], dtype=object), array([89, 'Tamil Nadu'], dtype=object), array([84, 'Mizoram'], dtype=object), array([82, 'Manipur'], dtype=object), array([74, 'Sikkim'], dtype=object), array([73, 'Arunachal Pradesh'], dtype=object), array([69, 'Puducherry'], dtype=object), array([63, 'Meghalaya'], dtype=object), array([60, 'Karnataka'], dtype=object), array([59, 'Nagaland'], dtype=object), array([59, 'Jammu and Kashmir'], dtype=object), array([59, 'Andhra Pradesh'], dtype=object), array([53, 'Telangana'], dtype=object), array([51, 'Uttarakhand'], dtype=object), array([50, 'West Bengal'], dtype=object), array([50, 'Odisha'], dtype=object), array([50, 'Goa'], dtype=object), array([48, 'Tripura'], dtype=object), array([48, 'Himachal Pradesh'], dtype=object), array([47, 'Punjab'], dtype=object), array([46, 'Jharkhand'], dtype=object), array([46, 'Andaman and Nicobar Islands'], dtype=object), array([45, 'Maharashtra'], dtype=object), array([45, 'Assam'], dtype=object), array([43, 'Dadra and Nagar Haveli'], dtype=object), array([42, 'Uttar Pradesh'], dtype=object), array([42, 'Gujarat'], dtype=object), array([42, 'Chhattisgarh'], dtype=object), array([40, 'Haryana'], dtype=object), array([40, 'Delhi'], dtype=object), array([38, 'Rajasthan'], dtype=object), array([37, 'Bihar'], dtype=object), array([36, 'Madhya Pradesh'], dtype=object), array([32, 'Chandigarh'], dtype=object), array([31, 'Daman and Diu'], dtype=object), array([0, 'Lakshadweep'], dtype=object)]","['RT @Joker__Misr_: Joker """" â¤ï¸ ðŸ‡ªðŸ‡¬\n#Ø§Ù„Ø¬ÙˆÙƒØ±_Ø§Ù„Ù…ØµØ±ÙŠ\n#Ù…ÙŠØ¯Ø§Ù†_Ø§Ù„ØªØ­Ø±ÙŠØ± https://t.co/7jW7CLhU31', 'RT @KTonarella: I still think that Arkham Asylum took a cue from this episode when making Joker muscular\nhttps://t.co/k4gECvMTGV', 'Reminds me of how Jack faces Jacare last year', '@_ChaseMyDREAMS Man look at joker, you serious, joker was heavier if anything, just say bron canâ€™t make no one butâ€¦ https://t.co/9qEvrJm36e', 'Joker is complete. Video up on YouTube  soon. Check out the other videos here...\nhttps://t.co/smjYc2zkwiâ€¦ https://t.co/u0v3oXbcGF']","['Home sucks\n', ""Bob Kane's Original Joke - 1940 on an Etch A Sketch! (OC)\n"", 'Fan art\n', 'Kiss between Joker and his new girlfriend Punchline in current comics - Punchline #1\n', 'Oil pastel portrait of joker\n', ""Joaquin Phoenix's Joker on an Etch A Sketch! (OC)\n"", ""Here's a picture of Heath Ledger's Joker that I drew a while back. I have no artistic talent, but was pretty proud of this, so kept it. I only realised that the eyes were a little wonky after finishing, but oh well!\n"", 'Chibi Joker awaiting something.\n']",-6.916666666666667,"[""Joker `` '' â¤ï¸ ðŸ‡ªðŸ‡¬"", "" Joker `` ''  â¤ï¸"", 'on an Etch A Sketch ', 'current comics - Punchline #1', 'on an Etch A Sketch ', ' but oh well ']"
29,Kroos,33.70870860378214,German footballer,"['Casemiro', 'Number', 'FIFA 18', 'Paulo Dybala']","[array([100, 'Mizoram'], dtype=object), array([44, 'Manipur'], dtype=object), array([39, 'Meghalaya'], dtype=object), array([34, 'Kerala'], dtype=object), array([31, 'Nagaland'], dtype=object), array([25, 'Arunachal Pradesh'], dtype=object), array([24, 'Assam'], dtype=object), array([22, 'Andaman and Nicobar Islands'], dtype=object), array([21, 'Goa'], dtype=object), array([17, 'West Bengal'], dtype=object), array([16, 'Tripura'], dtype=object), array([12, 'Delhi'], dtype=object), array([11, 'Maharashtra'], dtype=object), array([10, 'Karnataka'], dtype=object), array([10, 'Chandigarh'], dtype=object), array([9, 'Tamil Nadu'], dtype=object), array([9, 'Jammu and Kashmir'], dtype=object), array([8, 'Uttarakhand'], dtype=object), array([8, 'Himachal Pradesh'], dtype=object), array([7, 'Gujarat'], dtype=object), array([7, 'Chhattisgarh'], dtype=object), array([6, 'Telangana'], dtype=object), array([6, 'Punjab'], dtype=object), array([6, 'Puducherry'], dtype=object), array([6, 'Odisha'], dtype=object), array([6, 'Jharkhand'], dtype=object), array([5, 'Uttar Pradesh'], dtype=object), array([4, 'Rajasthan'], dtype=object), array([4, 'Madhya Pradesh'], dtype=object), array([4, 'Haryana'], dtype=object), array([3, 'Bihar'], dtype=object), array([3, 'Andhra Pradesh'], dtype=object), array([0, 'Sikkim'], dtype=object), array([0, 'Lakshadweep'], dtype=object), array([0, 'Daman and Diu'], dtype=object), array([0, 'Dadra and Nagar Haveli'], dtype=object)]","['Ayo we got football beef.', 'He only plays with white boots too  ðŸ‘€', 'RT @Bluzezs: Frame 1: 6,500\nFrame 2: 9,500\nFrame 3: 8,500\nFrame 4: 7,500\n\n-\nSend a DM \nCall/WhatsApp - 09090505064\n\n-\n\nMay almighty Allah |â€¦', 'Toni Kroos has more kids (3) than Pierre-Emerick Aubameyang has Premier League goals this season (2)', 'Yeah you definitely said that shit']",,8.0,"['with white boots too ðŸ‘€', 'He only plays with white boots too ðŸ‘€']"
30,PUBG,33.67691341694237,Online game,"[""PlayerUnknown's Battlegrounds"", 'Video game', 'Android application package', 'Personal computer']","[array([100, 'Mizoram'], dtype=object), array([92, 'Arunachal Pradesh'], dtype=object), array([90, 'Nagaland'], dtype=object), array([79, 'Manipur'], dtype=object), array([71, 'Meghalaya'], dtype=object), array([66, 'Sikkim'], dtype=object), array([60, 'Tripura'], dtype=object), array([54, 'Jharkhand'], dtype=object), array([54, 'Jammu and Kashmir'], dtype=object), array([49, 'Uttarakhand'], dtype=object), array([46, 'Daman and Diu'], dtype=object), array([46, 'Dadra and Nagar Haveli'], dtype=object), array([43, 'Assam'], dtype=object), array([41, 'Punjab'], dtype=object), array([38, 'Chhattisgarh'], dtype=object), array([36, 'Odisha'], dtype=object), array([36, 'Himachal Pradesh'], dtype=object), array([35, 'Gujarat'], dtype=object), array([33, 'Kerala'], dtype=object), array([33, 'Haryana'], dtype=object), array([32, 'Andhra Pradesh'], dtype=object), array([30, 'Uttar Pradesh'], dtype=object), array([29, 'West Bengal'], dtype=object), array([29, 'Maharashtra'], dtype=object), array([29, 'Goa'], dtype=object), array([29, 'Bihar'], dtype=object), array([28, 'Telangana'], dtype=object), array([28, 'Rajasthan'], dtype=object), array([26, 'Madhya Pradesh'], dtype=object), array([23, 'Delhi'], dtype=object), array([22, 'Karnataka'], dtype=object), array([21, 'Puducherry'], dtype=object), array([20, 'Tamil Nadu'], dtype=object), array([16, 'Chandigarh'], dtype=object), array([8, 'Andaman and Nicobar Islands'], dtype=object), array([0, 'Lakshadweep'], dtype=object)]",,"[""I'm trash at this game but I carried this clueless 6 year old to his first chicken dinner. His reaction was so wholesome\n"", 'I canâ€™t believe that I actually pulled this off...\n', 'Poor guys\n', ""Avori - From Philanthropic Model to Gaming Role Model - Hosting PUBG's first all female tournament and raising $10,000 for charity and more\n"", 'Boom headshot! ðŸ˜Ž\n', 'Why?\nI donâ€™t understand why they would make the Hellfire AKM death crate small after the update. If itâ€™s cause people complain that they think itâ€™s an enemy then why didnâ€™t they make the fool m416 crate smaller? Itâ€™s kind of annoying when you pay for something specific and they alter it later.', 'Game keeps crashing.\nSo I wanted to start playing PUBG again but the game is crashing about every second game.\n\nMy Pc specs should not be a problem. ( I have a gtx 1060, 16 gb ram and an Amd fx 8350)\n\nAbout a year ago the game worked just fine. Does anyone have a fix for this ?\n\nThank you !', 'Nice\n', ""Asian servers are a joke for cheating!\nJust moved to Asia and the games are full of cheaters. Haha so ridiculous it's funny. It's like they aren't even bothering to try stop them.""]",,
31,Rest In Peace,32.78120296610882,Topic,"['Uncle', 'Irrfan Khan', 'Sushant Singh Rajput', 'Rishi Kapoor']","[array([100, 'Nagaland'], dtype=object), array([91, 'Sikkim'], dtype=object), array([75, 'Arunachal Pradesh'], dtype=object), array([72, 'Meghalaya'], dtype=object), array([37, 'Manipur'], dtype=object), array([35, 'Goa'], dtype=object), array([33, 'Jammu and Kashmir'], dtype=object), array([33, 'Himachal Pradesh'], dtype=object), array([31, 'Assam'], dtype=object), array([29, 'Punjab'], dtype=object), array([28, 'Tripura'], dtype=object), array([27, 'Chhattisgarh'], dtype=object), array([27, 'Andhra Pradesh'], dtype=object), array([26, 'Tamil Nadu'], dtype=object), array([26, 'Maharashtra'], dtype=object), array([25, 'Telangana'], dtype=object), array([25, 'Jharkhand'], dtype=object), array([24, 'Uttarakhand'], dtype=object), array([24, 'Gujarat'], dtype=object), array([23, 'Kerala'], dtype=object), array([23, 'Karnataka'], dtype=object), array([22, 'Puducherry'], dtype=object), array([21, 'Haryana'], dtype=object), array([20, 'Delhi'], dtype=object), array([19, 'Odisha'], dtype=object), array([17, 'West Bengal'], dtype=object), array([16, 'Uttar Pradesh'], dtype=object), array([16, 'Rajasthan'], dtype=object), array([15, 'Madhya Pradesh'], dtype=object), array([15, 'Chandigarh'], dtype=object), array([12, 'Bihar'], dtype=object), array([0, 'Mizoram'], dtype=object), array([0, 'Lakshadweep'], dtype=object), array([0, 'Daman and Diu'], dtype=object), array([0, 'Dadra and Nagar Haveli'], dtype=object), array([0, 'Andaman and Nicobar Islands'], dtype=object)]","['What color u doing', 'A mighty Oak has fallen, a very sad day in Ghana, Rest in Peace, Jerry John Rawlings @portianyaaba @YouthHarvestFGHâ€¦ https://t.co/UFehztkLF1', '@__kwame1 But TBH, I really like him. I no dey hate on am. Ein death came as a shock to me. May his soul rest in perfect peace. ðŸ’¯ðŸ™', 'RT @JohnAKufuor: REST IN PEACE JERRY JOHN RAWLINGS', '@KIMBERL10021594 @LivePDMissoula2 So sorry for ur loss may he Rest In Peace ðŸ™ðŸ™ðŸ‡ºðŸ‡¸ðŸ‡ºðŸ‡¸ðŸ™ðŸ™']","['Rest easy king\n', 'Rest in peace\n', 'I donâ€™t know much about Kobe Bryant or much about basketball in general but I wish him a good rest.\nRest in peaceðŸ˜ž', 'To my innocence Who died\n', 'Rest easy, Hayley.\nHey Cap, it\'s me Cyber. I wish I could talk to you, face-to-face at least. Even though we never met in real life. You were still an amazing friend. I found your sister on Instagram, she told me you left painlessly. \n\nI wish that obituary was a joke, a well-rounded hoax. Anything but the reality we\'ve come to live in now. I\'d take you any way I could be with you. You were my best friend, always had my back no matter what. Always sent me pictures of cockatiels including your own, Disco. Damn, I love Disco. He\'s a good birb. \n\nCockatiels are my favorite bird now, and it\'s obvious you\'ve got something to do with it. \n\nI miss you, Hayley. Every day. I think about you every day, talk to the sky like a maniac every day, everything. I hope I can come down to NJ and see you. \n\nI wish asthma didn\'t take your life, especially in the way it did. But Maiah told me you left painlessly. I\'m glad that you left in the most painless way you could\'ve, but I\'m far from glad that you\'re gone needless to say.\n\nIt\'s almost been a damn year, I still can\'t get out the proper words to describe how I feel, or even sound alive. I feel, as what people would say, ""dead inside"".\n\nGod best be taking care of you, if not I\'m forcing myself through heaven\'s gates and giving him a damn piece of my mind. You\'re the best angel he\'s got and he better value you. \n\nFor now, this is just ""see you later"" it will never be goodbye. Despite this ""later"" is taking a long ass time to elapse. Sometimes I think on joining you, but I know I can\'t, well I could but I\'m sure as hell you\'d be pissed off at me. I gotta pull through, this is gonna hurt like a bitch, already does, and always will. But I can\'t harp on the fact you\'re gone forever, but I can harp on pushing your legacy for long as I\'m around. \n\nIf I ever have kids, they\'ll hear of you as well. \n\nPeople say ""she\'s just an online friend, get over it"" but this online friend helped me through hell, and helped so many others through it as well. She was and still is my best friend. \n\nI love you Captain.\n\nFor now, see you later.', ""PÃ©riode d'essai\n"", ""10.13.19. You are home with God now, Mom. You went too soon for me but I'm happy you're not in pain anymore. You'll always be the most beautiful woman in the world to me, inside and out. Your heart held so much for us and you'll be in mine forever.\n"", 'Miss my Cool Grandma\n', 'Rest in peace Lucifer. I will always be your little sister. You better be waiting for me in the end.\n', ""Have her death spreaded please it's all we can do\n""]",-9.833333333333334,['he Rest In Peace ðŸ™ðŸ™ðŸ‡ºðŸ‡¸ðŸ‡ºðŸ‡¸ðŸ™ðŸ™']
32,#WandaVision,32.72136392030063,hashtag,"['Avengers: Endgame', 'Marvel Cinematic Universe', 'Avengers: Infinity War', 'Avengers']","[array([100, 'Kerala'], dtype=object), array([77, 'West Bengal'], dtype=object), array([75, 'Odisha'], dtype=object), array([75, 'Maharashtra'], dtype=object), array([74, 'Karnataka'], dtype=object), array([74, 'Assam'], dtype=object), array([71, 'Tamil Nadu'], dtype=object), array([66, 'Telangana'], dtype=object), array([61, 'Andhra Pradesh'], dtype=object), array([58, 'Delhi'], dtype=object), array([51, 'Uttar Pradesh'], dtype=object), array([44, 'Haryana'], dtype=object), array([43, 'Bihar'], dtype=object), array([39, 'Punjab'], dtype=object), array([38, 'Gujarat'], dtype=object), array([35, 'Madhya Pradesh'], dtype=object), array([32, 'Rajasthan'], dtype=object), array([0, 'Uttarakhand'], dtype=object), array([0, 'Tripura'], dtype=object), array([0, 'Sikkim'], dtype=object), array([0, 'Puducherry'], dtype=object), array([0, 'Nagaland'], dtype=object), array([0, 'Mizoram'], dtype=object), array([0, 'Meghalaya'], dtype=object), array([0, 'Manipur'], dtype=object), array([0, 'Lakshadweep'], dtype=object), array([0, 'Jharkhand'], dtype=object), array([0, 'Jammu and Kashmir'], dtype=object), array([0, 'Himachal Pradesh'], dtype=object), array([0, 'Goa'], dtype=object), array([0, 'Daman and Diu'], dtype=object), array([0, 'Dadra and Nagar Haveli'], dtype=object), array([0, 'Chhattisgarh'], dtype=object), array([0, 'Chandigarh'], dtype=object), array([0, 'Arunachal Pradesh'], dtype=object), array([0, 'Andaman and Nicobar Islands'], dtype=object)]","['I was hoping this would drop in December but good to get a date....', 'RT @wandavision: A new era arrives. Marvel Studiosâ€™ #WandaVision, an Original Series, is streaming Jan. 15 on #DisneyPlus. https://t.co/5pBâ€¦', 'RT @MCU_Direct: With #WandaVision now set to premiere in January, there are now 8 #MCU movies &amp; shows set to release in 2021: https://t.co/â€¦', 'RT @disneyplus: A new era arrives. @MarvelStudiosâ€™ #WandaVision, an Original Series, is streaming Jan. 15 on #DisneyPlus. https://t.co/MiENâ€¦']",,30.284090909090907,"[' Marvel Studiosâ€™  #WandaVision', '#WandaVision  now set to premiere in January']"
33,RaGa,32.61478116352311,Topic,"['Sun tanning', 'CROSSBEATS', 'Shape of You', 'G20']","[array([100, 'Arunachal Pradesh'], dtype=object), array([96, 'Karnataka'], dtype=object), array([90, 'Kerala'], dtype=object), array([83, 'Andaman and Nicobar Islands'], dtype=object), array([65, 'Tamil Nadu'], dtype=object), array([63, 'Tripura'], dtype=object), array([58, 'West Bengal'], dtype=object), array([58, 'Telangana'], dtype=object), array([57, 'Andhra Pradesh'], dtype=object), array([54, 'Goa'], dtype=object), array([52, 'Puducherry'], dtype=object), array([49, 'Maharashtra'], dtype=object), array([41, 'Delhi'], dtype=object), array([39, 'Uttarakhand'], dtype=object), array([38, 'Sikkim'], dtype=object), array([35, 'Odisha'], dtype=object), array([34, 'Gujarat'], dtype=object), array([31, 'Assam'], dtype=object), array([30, 'Chandigarh'], dtype=object), array([29, 'Chhattisgarh'], dtype=object), array([27, 'Jharkhand'], dtype=object), array([27, 'Haryana'], dtype=object), array([26, 'Punjab'], dtype=object), array([26, 'Himachal Pradesh'], dtype=object), array([24, 'Uttar Pradesh'], dtype=object), array([24, 'Meghalaya'], dtype=object), array([23, 'Manipur'], dtype=object), array([23, 'Madhya Pradesh'], dtype=object), array([19, 'Rajasthan'], dtype=object), array([18, 'Bihar'], dtype=object), array([17, 'Jammu and Kashmir'], dtype=object), array([11, 'Mizoram'], dtype=object), array([0, 'Nagaland'], dtype=object), array([0, 'Lakshadweep'], dtype=object), array([0, 'Daman and Diu'], dtype=object), array([0, 'Dadra and Nagar Haveli'], dtype=object)]","['Mood', ""@prilozatweets RaGa dad &amp; grandma butchered Hindu Swami's &amp; Sikhs people.\nSo he said we bond but this leader is immature."", 'WE LOST ANOTHER ONE.', 'RT @oneokrvck: RAGA BEST DUO EVER\n\n #XF2020 https://t.co/VVqF1sRzap', 'told u']","['Raga gives up on agar.io botting for good\n', 'Raga gives up on agar.io botting for good\n', 'Raga gives up on agar.io botting for good\n']",20.0,[]
34,#AsifBasra,25.667915509168743,hashtag,"['Freaky Ali', 'Jab We Met', 'Casting']","[array([100, 'Nagaland'], dtype=object), array([45, 'Puducherry'], dtype=object), array([33, 'Himachal Pradesh'], dtype=object), array([12, 'Chandigarh'], dtype=object), array([10, 'Uttarakhand'], dtype=object), array([9, 'Maharashtra'], dtype=object), array([9, 'Jammu and Kashmir'], dtype=object), array([6, 'Delhi'], dtype=object), array([5, 'Gujarat'], dtype=object), array([5, 'Assam'], dtype=object), array([4, 'Haryana'], dtype=object), array([3, 'West Bengal'], dtype=object), array([3, 'Telangana'], dtype=object), array([3, 'Rajasthan'], dtype=object), array([3, 'Punjab'], dtype=object), array([3, 'Karnataka'], dtype=object), array([3, 'Andhra Pradesh'], dtype=object), array([2, 'Uttar Pradesh'], dtype=object), array([2, 'Tamil Nadu'], dtype=object), array([2, 'Madhya Pradesh'], dtype=object), array([2, 'Kerala'], dtype=object), array([1, 'Bihar'], dtype=object), array([0, 'Tripura'], dtype=object), array([0, 'Sikkim'], dtype=object), array([0, 'Odisha'], dtype=object), array([0, 'Mizoram'], dtype=object), array([0, 'Meghalaya'], dtype=object), array([0, 'Manipur'], dtype=object), array([0, 'Lakshadweep'], dtype=object), array([0, 'Jharkhand'], dtype=object), array([0, 'Goa'], dtype=object), array([0, 'Daman and Diu'], dtype=object), array([0, 'Dadra and Nagar Haveli'], dtype=object), array([0, 'Chhattisgarh'], dtype=object), array([0, 'Arunachal Pradesh'], dtype=object), array([0, 'Andaman and Nicobar Islands'], dtype=object)]",,,,
35,#TwitterBan,23.664576230222035,hashtag,"[""PlayerUnknown's Battlegrounds"", 'TikTok', 'Shadow banning', 'Chinese language']","[array([100, 'Andhra Pradesh'], dtype=object), array([88, 'Jharkhand'], dtype=object), array([79, 'Karnataka'], dtype=object), array([79, 'Jammu and Kashmir'], dtype=object), array([78, 'Uttarakhand'], dtype=object), array([75, 'Delhi'], dtype=object), array([68, 'Telangana'], dtype=object), array([66, 'Odisha'], dtype=object), array([63, 'Kerala'], dtype=object), array([62, 'Tamil Nadu'], dtype=object), array([60, 'Maharashtra'], dtype=object), array([55, 'Punjab'], dtype=object), array([51, 'Haryana'], dtype=object), array([50, 'Assam'], dtype=object), array([49, 'West Bengal'], dtype=object), array([48, 'Uttar Pradesh'], dtype=object), array([48, 'Gujarat'], dtype=object), array([39, 'Rajasthan'], dtype=object), array([39, 'Chhattisgarh'], dtype=object), array([36, 'Madhya Pradesh'], dtype=object), array([31, 'Bihar'], dtype=object), array([0, 'Tripura'], dtype=object), array([0, 'Sikkim'], dtype=object), array([0, 'Puducherry'], dtype=object), array([0, 'Nagaland'], dtype=object), array([0, 'Mizoram'], dtype=object), array([0, 'Meghalaya'], dtype=object), array([0, 'Manipur'], dtype=object), array([0, 'Lakshadweep'], dtype=object), array([0, 'Himachal Pradesh'], dtype=object), array([0, 'Goa'], dtype=object), array([0, 'Daman and Diu'], dtype=object), array([0, 'Dadra and Nagar Haveli'], dtype=object), array([0, 'Chandigarh'], dtype=object), array([0, 'Arunachal Pradesh'], dtype=object), array([0, 'Andaman and Nicobar Islands'], dtype=object)]",,,,
36,#AlyGoni,21.820023053603737,hashtag,"['Jasmin Bhasin', 'Nach Baliye', 'Zain Imam', 'Hardik Pandya']","[array([100, 'Jammu and Kashmir'], dtype=object), array([72, 'Dadra and Nagar Haveli'], dtype=object), array([71, 'Tripura'], dtype=object), array([65, 'Nagaland'], dtype=object), array([58, 'Sikkim'], dtype=object), array([56, 'Punjab'], dtype=object), array([54, 'Uttarakhand'], dtype=object), array([54, 'Goa'], dtype=object), array([51, 'Jharkhand'], dtype=object), array([45, 'Chhattisgarh'], dtype=object), array([42, 'Arunachal Pradesh'], dtype=object), array([41, 'Maharashtra'], dtype=object), array([37, 'Assam'], dtype=object), array([36, 'Odisha'], dtype=object), array([35, 'Haryana'], dtype=object), array([35, 'Delhi'], dtype=object), array([34, 'Gujarat'], dtype=object), array([31, 'Uttar Pradesh'], dtype=object), array([31, 'Manipur'], dtype=object), array([29, 'Chandigarh'], dtype=object), array([28, 'West Bengal'], dtype=object), array([26, 'Rajasthan'], dtype=object), array([26, 'Himachal Pradesh'], dtype=object), array([24, 'Karnataka'], dtype=object), array([22, 'Bihar'], dtype=object), array([21, 'Telangana'], dtype=object), array([21, 'Madhya Pradesh'], dtype=object), array([20, 'Meghalaya'], dtype=object), array([16, 'Andhra Pradesh'], dtype=object), array([13, 'Kerala'], dtype=object), array([10, 'Tamil Nadu'], dtype=object), array([0, 'Puducherry'], dtype=object), array([0, 'Mizoram'], dtype=object), array([0, 'Lakshadweep'], dtype=object), array([0, 'Daman and Diu'], dtype=object), array([0, 'Andaman and Nicobar Islands'], dtype=object)]","['RT @beingshrutip: @ColorsTV @nikkitamboli @BeingSalmanKhan Task Queen #NikkiTamboli \n #NikkiTamboliWinningHearts \n...\nFake Trend with #AlyGâ€¦', '#BiggBoss14 #bb14 #BigBoss14\nToughest Contests:\n#EijazKhan #EjazKhan\n\n#PavitraPunia #Pavitrapuniya\n\n#RahulVadiyaâ€¦ https://t.co/QBRwT6FIhe', 'RT @Shikadiv: Well played #NikkiTamboli\n#BBTrendMasterNikkiTamboli\nðŸ’ž\nCaptaincy task was so unfair so watever she is dng is cool ðŸ‘Œ\n#BB14\n@Coâ€¦', 'RT @ChetanaBB_fan: M i watching correct #BiggBoss14?\n\nI just saw #AlyGoni saying-\n\n""Pata nahi ladki hai bhi ya nahi.\nKutte jaisa ghasit k nâ€¦', 'RT @Anuag05: #NikkiTamboli rocks #AlyGoni shock ...']",,-11.5,"[' Task Queen  #NikkiTamboli', 'Fake Trend with  #AlyGâ€¦', '#BiggBoss14  #bb14 #BigBoss14', '#BiggBoss14 #bb14  #BigBoss14', ' Well played  #NikkiTamboli', 'ðŸ’ž', 'is dng is cool ðŸ‘Œ', ' M i watching correct  #BiggBoss14', 'I just saw  #AlyGoni', '#NikkiTamboli  rocks #AlyGoni shock ', ' #NikkiTamboli rocks  #AlyGoni']"
37,Auba,1.0,Commune in France,"['Arsenal F.C.', 'Limited company', 'Goal', 'Premier League']","[array([100, 'Kerala'], dtype=object), array([89, 'Maharashtra'], dtype=object), array([75, 'Delhi'], dtype=object), array([70, 'West Bengal'], dtype=object), array([60, 'Karnataka'], dtype=object), array([46, 'Tamil Nadu'], dtype=object), array([33, 'Uttar Pradesh'], dtype=object), array([0, 'Uttarakhand'], dtype=object), array([0, 'Tripura'], dtype=object), array([0, 'Telangana'], dtype=object), array([0, 'Sikkim'], dtype=object), array([0, 'Rajasthan'], dtype=object), array([0, 'Punjab'], dtype=object), array([0, 'Puducherry'], dtype=object), array([0, 'Odisha'], dtype=object), array([0, 'Nagaland'], dtype=object), array([0, 'Mizoram'], dtype=object), array([0, 'Meghalaya'], dtype=object), array([0, 'Manipur'], dtype=object), array([0, 'Madhya Pradesh'], dtype=object), array([0, 'Lakshadweep'], dtype=object), array([0, 'Jharkhand'], dtype=object), array([0, 'Jammu and Kashmir'], dtype=object), array([0, 'Himachal Pradesh'], dtype=object), array([0, 'Haryana'], dtype=object), array([0, 'Gujarat'], dtype=object), array([0, 'Goa'], dtype=object), array([0, 'Daman and Diu'], dtype=object), array([0, 'Dadra and Nagar Haveli'], dtype=object), array([0, 'Chhattisgarh'], dtype=object), array([0, 'Chandigarh'], dtype=object), array([0, 'Bihar'], dtype=object), array([0, 'Assam'], dtype=object), array([0, 'Arunachal Pradesh'], dtype=object), array([0, 'Andhra Pradesh'], dtype=object), array([0, 'Andaman and Nicobar Islands'], dtype=object)]","['@mastermoraesss Auba celebrated with a mask ages ago \n\nKroos said something about it in a bad way \n\nKroos was caughâ€¦ https://t.co/hRdW72rrBZ', 'i donâ€™t even fw auba but cmon bro thatâ€™s pure r a c i s m', ""Auba's mask celebration is honestly a bit of an overkill"", 'RT @MacckkUTD: @ToniKroos More kids than Auba has open play goals this season ðŸ˜­ðŸ˜­ðŸ‘‹ðŸ‘‹', 'RT @gyaigyiimi: Aubameyang dey ask if Toni kroos has kids not knowing Toni has more kids than he has open play goals this season. Auba s3 wâ€¦']",,22.785714285714285,"['play goals this season ðŸ˜­ðŸ˜­ðŸ‘‹ðŸ‘‹', 'Auba has open play goals', ': More kids than Auba']"
